What,0,1,2,3,4,5,6,7,8,9,10,11,12,13,14,15,16,17,18,19,Date,Hour
Google trending searches,Pfizer,Xbox Series X,Junior MasterChef Australia 2020,Bonds,JobSeeker,Mark Esper,Joel Fitzgibbon,Gold Price,Nasdaq,Kayleigh McEnany,Peter Wright,Assassin's Creed Valhalla review,Bihar Election 2020,Shonky Awards,Paul Kelly,Larsa Pippen,Brian Jordan Alvarez,Nab ASX,Armenia,Virat Kohli,2020-11-10,15
Google trending searches,Pfizer,Xbox Series X,Junior MasterChef Australia 2020,Bonds,JobSeeker,Mark Esper,Joel Fitzgibbon,Gold price,Kayleigh McEnany,Assassin's Creed Valhalla review,Nasdaq,Bihar Election 2020,Peter Wright,RealClearPolitics,Shonky Awards,Paul Kelly,Larsa Pippen,Wentworth Miller,Armenia,Brian Jordan Alvarez,2020-11-10,16
Google trending searches,Pfizer,Xbox Series X,Junior MasterChef Australia 2020,JobSeeker,Mark Esper,Joel Fitzgibbon,Kayleigh McEnany,Gold price,Assassin's Creed Valhalla review,Nasdaq,Bihar Election 2020,Wentworth Miller,CFS,Peter Wright,Aston Villa,Shonky Awards,Larsa Pippen,Paul Kelly,Armenia,Virat Kohli,2020-11-10,17
Google trending searches,Pfizer,Xbox Series X,Junior MasterChef Australia 2020,Bonds,JobSeeker,Bihar Election 2020,Joel Fitzgibbon,Mark Esper,Flight Centre share price,Kayleigh McEnany,Gold price,Assassin's Creed Valhalla review,NASDAQ,Wentworth Miller,CFS,Peter Wright,Aston Villa,Shonky Awards,Larsa Pippen,Paul Kelly,2020-11-10,18
Google trending searches,Pfizer,Xbox Series X,Adairs,Junior MasterChef Australia 2020,Bonds,JobSeeker,Bihar Election 2020,Joel Fitzgibbon,Mark Esper,Kayleigh McEnany,Gold price,Assassin's Creed Valhalla review,NASDAQ,Wentworth Miller,RealClearPolitics,Shonky Awards,Peter Wright,Peter Overton,Aston Villa,Larsa Pippen,2020-11-10,19
Google trending searches,Pfizer,Xbox Series X,Adairs,Junior MasterChef Australia 2020,Bonds,Bihar Election 2020,JobSeeker,Joel Fitzgibbon,Mark Esper,Kayleigh McEnany,Gold price,Assassin's Creed Valhalla review,Wentworth Miller,NASDAQ,Peter Overton,CFS,Shonky Awards,Peter Wright,Aston Villa,Larsa Pippen,2020-11-10,20
Google trending searches,Pfizer,Xbox Series X,Adairs,Junior MasterChef Australia 2020,Bonds,Bihar Election 2020,JobSeeker,Joel Fitzgibbon,Mark Esper,Kayleigh McEnany,Gold price,Assassin's Creed Valhalla review,Wentworth Miller,NASDAQ,Peter Overton,CFS,Shonky Awards,Peter Wright,Aston Villa,Larsa Pippen,2020-11-10,21
Google trending searches,Pfizer,Xbox Series X,Adairs,Junior MasterChef Australia 2020,Bonds,Bihar Election 2020,JobSeeker,Joel Fitzgibbon,Mark Esper,Kayleigh McEnany,Gold price,Assassin's Creed Valhalla review,Wentworth Miller,NASDAQ,Peter Overton,CFS,Shonky Awards,Peter Wright,Aston Villa,Larsa Pippen,2020-11-10,22
Google trending searches,Pfizer,Xbox Series X,Adairs,Junior MasterChef Australia 2020,Bonds,Bihar Election 2020,JobSeeker,Joel Fitzgibbon,Mark Esper,Kayleigh McEnany,Gold price,Assassin's Creed Valhalla review,Wentworth Miller,NASDAQ,Peter Overton,CFS,Shonky Awards,Peter Wright,Aston Villa,Larsa Pippen,2020-11-10,23
Google trending searches,Pfizer,Xbox Series X,Adairs,Junior MasterChef Australia 2020,Bonds,Bihar Election 2020,JobSeeker,Joel Fitzgibbon,Mark Esper,Kayleigh McEnany,Gold price,Assassin's Creed Valhalla review,Wentworth Miller,NASDAQ,Peter Overton,CFS,Shonky Awards,Peter Wright,Aston Villa,Larsa Pippen,2020-11-11,0
Google trending searches,Pfizer,Xbox Series X,Adairs,Junior MasterChef Australia 2020,Bonds,Bihar Election 2020,JobSeeker,Joel Fitzgibbon,Mark Esper,Kayleigh McEnany,Gold price,Assassin's Creed Valhalla review,Wentworth Miller,NASDAQ,Peter Overton,CFS,Shonky Awards,Peter Wright,Aston Villa,Larsa Pippen,2020-11-11,1
Google trending searches,Pfizer,Xbox Series X,Adairs,Junior MasterChef Australia 2020,Bonds,Bihar Election 2020,JobSeeker,Joel Fitzgibbon,Mark Esper,Kayleigh McEnany,Gold price,Assassin's Creed Valhalla review,Wentworth Miller,NASDAQ,Peter Overton,CFS,Shonky Awards,Peter Wright,Aston Villa,Larsa Pippen,2020-11-11,2
Google trending searches,Pfizer,Xbox Series X,Adairs,Junior MasterChef Australia 2020,Bonds,Bihar Election 2020,JobSeeker,Joel Fitzgibbon,Mark Esper,Kayleigh McEnany,Gold price,Assassin's Creed Valhalla review,Wentworth Miller,NASDAQ,Peter Overton,CFS,Shonky Awards,Peter Wright,Aston Villa,Larsa Pippen,2020-11-11,3
Google trending searches,Pfizer,Xbox Series X,Adairs,Junior MasterChef Australia 2020,Bonds,Bihar Election 2020,JobSeeker,Joel Fitzgibbon,Mark Esper,Kayleigh McEnany,Gold price,Assassin's Creed Valhalla review,Wentworth Miller,NASDAQ,Peter Overton,CFS,Shonky Awards,Peter Wright,Aston Villa,Larsa Pippen,2020-11-11,4
Google trending searches,Pfizer,Xbox Series X,Adairs,Junior MasterChef Australia 2020,Bonds,Bihar Election 2020,JobSeeker,Joel Fitzgibbon,Mark Esper,Kayleigh McEnany,Gold price,Assassin's Creed Valhalla review,Wentworth Miller,NASDAQ,Peter Overton,CFS,Shonky Awards,Peter Wright,Aston Villa,Larsa Pippen,2020-11-11,5
Google trending searches,Pfizer,Xbox Series X,Adairs,Junior MasterChef Australia 2020,Bonds,Bihar Election 2020,JobSeeker,Joel Fitzgibbon,Mark Esper,Kayleigh McEnany,Gold price,Assassin's Creed Valhalla review,Wentworth Miller,NASDAQ,Peter Overton,CFS,Shonky Awards,Peter Wright,Aston Villa,Larsa Pippen,2020-11-11,6
Google trending searches,Pfizer,Xbox Series X,Adairs,Junior MasterChef Australia 2020,Bonds,Bihar Election 2020,JobSeeker,Joel Fitzgibbon,Mark Esper,Kayleigh McEnany,Gold price,Assassin's Creed Valhalla review,Wentworth Miller,NASDAQ,Peter Overton,CFS,Shonky Awards,Peter Wright,Aston Villa,Larsa Pippen,2020-11-11,7
Google trending searches,Pfizer,Xbox Series X,Adairs,Junior MasterChef Australia 2020,Bonds,Bihar Election 2020,JobSeeker,Joel Fitzgibbon,Mark Esper,Kayleigh McEnany,Gold price,Assassin's Creed Valhalla review,Wentworth Miller,NASDAQ,Peter Overton,CFS,Shonky Awards,Peter Wright,Aston Villa,Larsa Pippen,2020-11-11,8
Google trending searches,Remembrance Day,Remembrance Day 2020,DC vs MI,Liam Neeson,Power outage,Destiny 2,Pfizer,Xbox Series X,Adairs,Bihar Election 2020,Bonds,Junior MasterChef Australia 2020,State of Origin Game 2,JobSeeker,Where does vanilla flavoring come from,Joel Fitzgibbon,Mark Esper,Assassin's Creed Valhalla review,Shonky Awards,Kayleigh McEnany,2020-11-11,9
Google trending searches,DC vs MI,Liam Neeson,Armistice Day,Shane Warne,Destiny 2,Remembrance Day poppy,Charlie Curnow,Mitch hannan,Pfizer,Remembrance Day,Xbox Series X,Bihar Election 2020,Adairs,Bonds,State of Origin Game 2,JobSeeker,Where does vanilla flavoring come from,Joel Fitzgibbon,Mark Esper,Assassin's Creed Valhalla review,2020-11-11,10
Google trending searches,Remembrance Day,Remembrance Day 2020,DC vs MI,Apple event,Armistice Day,Remembrance Day poppy,Liam Neeson,Charlie Curnow,Shane Warne,Destiny 2,Eddie McGuire,Singles Day,Dash and Lily,Mitch hannan,Pfizer,Xbox Series X,Bihar Election 2020,Adairs,Bonds,State of Origin Game 2,2020-11-11,11
Google trending searches,DC vs MI,Armistice Day,Apple event,Remembrance Day poppy,Liam Neeson,Singles Day,Eddie McGuire,Charlie Curnow,Dash and Lily,Destiny 2,Instagram Down,Mitch hannan,Remembrance Day,Pfizer,Xbox Series X,Bihar Election 2020,Adairs,Bonds,State of Origin Game 2,JobSeeker,2020-11-11,12
Google trending searches,DC vs MI,Armistice Day,Remembrance Day poppy,Apple event,Liam Neeson,Adam Saad,Singles Day,Eddie McGuire,Charlie Curnow,Dash and Lily,Instagram Down,Destiny 2,11 November,Mitch hannan,Remembrance Day,Pfizer,Xbox Series X,Bihar Election 2020,Adairs,State of Origin Game 2,2020-11-11,13
Google trending searches,DC vs MI,Poppies,Apple event,Armistice Day,Adam Saad,Liam Neeson,Singles Day,Eddie McGuire,Dash and Lily,Charlie Curnow,Instagram Down,Dean Browning,Andrew McCabe,Shane Warne,11 November,Destiny 2,Lachie Fogarty,Aliir Aliir,Mitch hannan,Remembrance Day,2020-11-11,14
Google trending searches,DC vs MI,Apple event,Poppies,Armistice Day,Adam Saad,Liam Neeson,Singles' Day,Dean Browning,Eddie McGuire,Dash and Lily,Andrew McCabe,Instagram Down,Charlie Curnow,Aliir Aliir,Lachie Fogarty,11 November,Destiny 2,Riverwood,Oz Lotto draw #1395,Jon Rahm,2020-11-11,15
Google trending searches,DC Vs MI,Apple event,Poppies,Lachie Fogarty,Armistice Day,Adam Saad,Dean Browning,Singles Day,Liam Neeson,Eddie McGuire,Dash and Lily,Andrew McCabe,Instagram Down,Charlie Curnow,Aliir Aliir,11 November,Shane Warne,Jon Rahm,Riverwood,Oz Lotto draw #1395,2020-11-11,16
Google trending searches,DC vs MI,Apple Event,Poppies,Shaun Higgins,Armistice Day,Adam Saad,Dean Browning,Singles Day,Eddie McGuire,Liam Neeson,Dash and Lily,Andrew McCabe,11th November,Instagram down,Aliir Aliir,Charlie Curnow,Jon Rahm,11 November,Riverwood,Shane Warne,2020-11-11,17
Google trending searches,DC vs MI,Apple Event,Poppies,Shaun Higgins,Armistice Day,Adam Saad,Dean Browning,Liam Neeson,Eddie McGuire,Singles Day,Dash and Lily,Andrew McCabe,Instagramdown,Aliir Aliir,Charlie Curnow,Jon Rahm,Riverwood,Oz Lotto draw #1395,Rupert Grint,Shane Warne,2020-11-11,18
Google trending searches,DC vs MI,Apple Event,Poppies,Shaun Higgins,Armistice Day,Adam Saad,Dean Browning,Liam Neeson,Eddie McGuire,Singles Day,Dash and Lily,Andrew McCabe,Instagramdown,Aliir Aliir,Charlie Curnow,Jon Rahm,Riverwood,Oz Lotto draw #1395,Rupert Grint,Shane Warne,2020-11-11,19
Google trending searches,DC vs MI,Apple Event,Poppies,Shaun Higgins,Armistice Day,Adam Saad,Dean Browning,Liam Neeson,Eddie McGuire,Singles Day,Dash and Lily,Andrew McCabe,Instagramdown,Aliir Aliir,Charlie Curnow,Jon Rahm,Riverwood,Oz Lotto draw #1395,Rupert Grint,Shane Warne,2020-11-11,20
Google trending searches,DC vs MI,Apple Event,Poppies,Shaun Higgins,Armistice Day,Adam Saad,Dean Browning,Liam Neeson,Eddie McGuire,Singles Day,Dash and Lily,Andrew McCabe,Instagramdown,Aliir Aliir,Charlie Curnow,Jon Rahm,Riverwood,Oz Lotto draw #1395,Rupert Grint,Shane Warne,2020-11-11,21
Google trending searches,DC vs MI,Apple Event,Poppies,Shaun Higgins,Armistice Day,Adam Saad,Dean Browning,Liam Neeson,Eddie McGuire,Singles Day,Dash and Lily,Andrew McCabe,Instagramdown,Aliir Aliir,Charlie Curnow,Jon Rahm,Riverwood,Oz Lotto draw #1395,Rupert Grint,Shane Warne,2020-11-11,22
Google trending searches,DC vs MI,Apple Event,Poppies,Shaun Higgins,Armistice Day,Adam Saad,Dean Browning,Liam Neeson,Eddie McGuire,Singles Day,Dash and Lily,Andrew McCabe,Instagramdown,Aliir Aliir,Charlie Curnow,Jon Rahm,Riverwood,Oz Lotto draw #1395,Rupert Grint,Shane Warne,2020-11-11,23
Google trending searches,DC vs MI,Apple Event,Poppies,Shaun Higgins,Armistice Day,Adam Saad,Dean Browning,Liam Neeson,Eddie McGuire,Singles Day,Dash and Lily,Andrew McCabe,Instagramdown,Aliir Aliir,Charlie Curnow,Jon Rahm,Riverwood,Oz Lotto draw #1395,Rupert Grint,Shane Warne,2020-11-12,0
Google trending searches,DC vs MI,Apple Event,Poppies,Shaun Higgins,Armistice Day,Adam Saad,Dean Browning,Liam Neeson,Eddie McGuire,Singles Day,Dash and Lily,Andrew McCabe,Instagramdown,Aliir Aliir,Charlie Curnow,Jon Rahm,Riverwood,Oz Lotto draw #1395,Rupert Grint,Shane Warne,2020-11-12,1
Google trending searches,DC vs MI,Apple Event,Poppies,Shaun Higgins,Armistice Day,Adam Saad,Dean Browning,Liam Neeson,Eddie McGuire,Singles Day,Dash and Lily,Andrew McCabe,Instagramdown,Aliir Aliir,Charlie Curnow,Jon Rahm,Riverwood,Oz Lotto draw #1395,Rupert Grint,Shane Warne,2020-11-12,2
Google trending searches,DC vs MI,Apple Event,Poppies,Shaun Higgins,Armistice Day,Adam Saad,Dean Browning,Liam Neeson,Eddie McGuire,Singles Day,Dash and Lily,Andrew McCabe,Instagramdown,Aliir Aliir,Charlie Curnow,Jon Rahm,Riverwood,Oz Lotto draw #1395,Rupert Grint,Shane Warne,2020-11-12,3
Google trending searches,DC vs MI,Apple Event,Poppies,Shaun Higgins,Armistice Day,Adam Saad,Dean Browning,Liam Neeson,Eddie McGuire,Singles Day,Dash and Lily,Andrew McCabe,Instagramdown,Aliir Aliir,Charlie Curnow,Jon Rahm,Riverwood,Oz Lotto draw #1395,Rupert Grint,Shane Warne,2020-11-12,4
Google trending searches,DC vs MI,Apple Event,Poppies,Shaun Higgins,Armistice Day,Adam Saad,Dean Browning,Liam Neeson,Eddie McGuire,Singles Day,Dash and Lily,Andrew McCabe,Instagramdown,Aliir Aliir,Charlie Curnow,Jon Rahm,Riverwood,Oz Lotto draw #1395,Rupert Grint,Shane Warne,2020-11-12,5
Google trending searches,DC vs MI,Apple Event,Poppies,Shaun Higgins,Armistice Day,Adam Saad,Dean Browning,Liam Neeson,Eddie McGuire,Singles Day,Dash and Lily,Andrew McCabe,Instagramdown,Aliir Aliir,Charlie Curnow,Jon Rahm,Riverwood,Oz Lotto draw #1395,Rupert Grint,Shane Warne,2020-11-12,6
Google trending searches,DC vs MI,Apple Event,Poppies,Shaun Higgins,Armistice Day,Adam Saad,Dean Browning,Liam Neeson,Eddie McGuire,Singles Day,Dash and Lily,Andrew McCabe,Instagramdown,Aliir Aliir,Charlie Curnow,Jon Rahm,Riverwood,Oz Lotto draw #1395,Rupert Grint,Shane Warne,2020-11-12,7
Google trending searches,DC vs MI,Apple Event,Poppies,Shaun Higgins,Armistice Day,Adam Saad,Dean Browning,Liam Neeson,Eddie McGuire,Singles Day,Dash and Lily,Andrew McCabe,Instagramdown,Aliir Aliir,Charlie Curnow,Jon Rahm,Riverwood,Oz Lotto draw #1395,Rupert Grint,Shane Warne,2020-11-12,8
Google trending searches,PS5 Australia,US Masters,State of Origin game 2 Results,Jason Momoa,A Teacher,Jonathan Rhys Meyers,Click Frenzy,Remembrance Day,Lest We Forget,Apple event,Dean Laidley,State of Origin game 2 score,Mike Pompeo,Poppies,Xavier Coates,IPL Final 2020,Poppy,Liam Neeson,Dean Browning,NRL State of Origin game 2,2020-11-12,9
Google trending searches,PS5 Australia,PlayStation 5,US Masters,Jason Momoa,Dhanteras 2020,A Teacher,Jonathan Rhys Meyers,Remembrance Day,Harvey Norman PS5,Lest We Forget,Apple event,Dean Laidley,State of Origin game 2 score,Mike Pompeo,Weather radar,Xavier Coates,IPL Final 2020,Poppy,Payne Haas,Gossip Girl reboot,2020-11-12,10
Google trending searches,PS5,US Masters,Dhanteras 2020,Jason Momoa,PS5 games,A Teacher,Jonathan Rhys Meyers,Harvey Norman PS5,Lest We Forget,Apple event,Dean Laidley,Mike Pompeo,Xavier Coates,The Last Post,Weather radar,IPL Final 2020,Poppy,Origin game 2 score,Payne Haas,Britney Spears,2020-11-12,11
Google trending searches,PS5,PS5 Australia,YouTube Down,US Masters,Godfall,Dhanteras 2020,Jason Momoa,Origin game 2 score,A Teacher,Jonathan Rhys Meyers,Harvey Norman PS5,State of Origin game 2 score,Lest We Forget,Apple event,Dean Laidley,Mike Pompeo,Xavier Coates,Weather radar,IPL Final 2020,Poppy,2020-11-12,12
Google trending searches,YouTube down,PS5,PS5 Australia,Godfall,Us Masters,Dhanteras 2020,Jason Momoa,A Teacher,Typhoon Philippines,Jonathan Rhys Meyers,Ron Klain,Lest We Forget,Apple event,Dean Laidley,Mike Pompeo,Xavier Coates,Weather radar,IPL Final 2020,Poppy,Britney Spears,2020-11-12,13
Google trending searches,PS5,YouTube down,PS5 Australia,Amazon PS5,Godfall,Us Masters,Dhanteras 2020,Jason Momoa,Origin game 2 score,Ron Klain,Spider-Man: Miles Morales,Angry Anderson,Typhoon Philippines,A Teacher,Hugh Grant,Aunty Donna Netflix,Jonathan Rhys Meyers,Lest We Forget,Dean Laidley,Apple event,2020-11-12,14
Google trending searches,PS5,YouTube down,PS5 Australia,JB Hi-Fi PS5,Amazon PS5,Godfall,Us Masters,Dhanteras 2020,Ron Klain,Angry Anderson,Jason Momoa,Spider-Man: Miles Morales,Origin game 2 score,Typhoon Philippines,A Teacher,Hugh Grant,Jonathan Rhys Meyers,Lest We Forget,Dean Laidley,Apple event,2020-11-12,15
Google trending searches,PS5,YouTube down,JB Hi-Fi PS5,PS5 pre-order,Buy PS5,Godfall,Dhanteras 2020,Us Masters,Angry Anderson,Ron Klain,PS5 games,Spider-Man Miles Morales,Jason Momoa,Typhoon Philippines,A Teacher,Hugh Grant,Russell Westbrook,Jonathan Rhys Meyers,The Liberator,Remembrance Day,2020-11-12,16
Google trending searches,PS5,YouTube down,JB Hi-Fi PS5,PS5 pre-order,Godfall,Dhanteras 2020,Angry Anderson,Us Masters,Ron Klain,PS5 games,Spider-Man: Miles Morales,Jason Momoa,Typhoon Philippines,The Comeback Trail,Russell Westbrook,A Teacher,Hugh Grant,The Liberator,Soorarai Pottru,Jonathan Rhys Meyers,2020-11-12,17
Google trending searches,PS5,YouTube down,JB Hi-Fi PS5,PS5 pre-order,Godfall,Jaidyn Stephenson,Typhoon Philippines,Dhanteras 2020,Angry Anderson,US Masters,Ron Klain,PS5 games,Spider-Man: Miles Morales,Jason Momoa,The Comeback Trail,Russell Westbrook,The Liberator,Hugh Grant,Soorarai Pottru,A Teacher,2020-11-12,18
Google trending searches,PS5,YouTube down,JB Hi-Fi PS5,PS5 pre-order,Godfall,Jaidyn Stephenson,Typhoon Philippines,Dhanteras 2020,Angry Anderson,US Masters,Ron Klain,PS5 games,Spider-Man: Miles Morales,Jason Momoa,The Comeback Trail,Russell Westbrook,The Liberator,Hugh Grant,Soorarai Pottru,A Teacher,2020-11-12,19
Google trending searches,PS5,YouTube down,JB Hi-Fi PS5,PS5 pre-order,Godfall,Jaidyn Stephenson,Typhoon Philippines,Dhanteras 2020,Angry Anderson,US Masters,Ron Klain,PS5 games,Spider-Man: Miles Morales,Jason Momoa,The Comeback Trail,Russell Westbrook,The Liberator,Hugh Grant,Soorarai Pottru,A Teacher,2020-11-12,20
Google trending searches,PS5,YouTube down,JB Hi-Fi PS5,PS5 pre-order,Godfall,Jaidyn Stephenson,Typhoon Philippines,Dhanteras 2020,Angry Anderson,US Masters,Ron Klain,PS5 games,Spider-Man: Miles Morales,Jason Momoa,The Comeback Trail,Russell Westbrook,The Liberator,Hugh Grant,Soorarai Pottru,A Teacher,2020-11-12,21
Google trending searches,PS5,YouTube down,JB Hi-Fi PS5,PS5 pre-order,Godfall,Jaidyn Stephenson,Typhoon Philippines,Dhanteras 2020,Angry Anderson,US Masters,Ron Klain,PS5 games,Spider-Man: Miles Morales,Jason Momoa,The Comeback Trail,Russell Westbrook,The Liberator,Hugh Grant,Soorarai Pottru,A Teacher,2020-11-12,22
Google trending searches,PS5,YouTube down,JB Hi-Fi PS5,PS5 pre-order,Godfall,Jaidyn Stephenson,Typhoon Philippines,Dhanteras 2020,Angry Anderson,US Masters,Ron Klain,PS5 games,Spider-Man: Miles Morales,Jason Momoa,The Comeback Trail,Russell Westbrook,The Liberator,Hugh Grant,Soorarai Pottru,A Teacher,2020-11-12,23
Google trending searches,PS5,YouTube down,JB Hi-Fi PS5,PS5 pre-order,Godfall,Jaidyn Stephenson,Typhoon Philippines,Dhanteras 2020,Angry Anderson,US Masters,Ron Klain,PS5 games,Spider-Man: Miles Morales,Jason Momoa,The Comeback Trail,Russell Westbrook,The Liberator,Hugh Grant,Soorarai Pottru,A Teacher,2020-11-13,0
Google trending searches,PS5,YouTube down,JB Hi-Fi PS5,PS5 pre-order,Godfall,Jaidyn Stephenson,Typhoon Philippines,Dhanteras 2020,Angry Anderson,US Masters,Ron Klain,PS5 games,Spider-Man: Miles Morales,Jason Momoa,The Comeback Trail,Russell Westbrook,The Liberator,Hugh Grant,Soorarai Pottru,A Teacher,2020-11-13,1
Google trending searches,PS5,YouTube down,JB Hi-Fi PS5,PS5 pre-order,Godfall,Jaidyn Stephenson,Typhoon Philippines,Dhanteras 2020,Angry Anderson,US Masters,Ron Klain,PS5 games,Spider-Man: Miles Morales,Jason Momoa,The Comeback Trail,Russell Westbrook,The Liberator,Hugh Grant,Soorarai Pottru,A Teacher,2020-11-13,2
Google trending searches,PS5,YouTube down,JB Hi-Fi PS5,PS5 pre-order,Godfall,Jaidyn Stephenson,Typhoon Philippines,Dhanteras 2020,Angry Anderson,US Masters,Ron Klain,PS5 games,Spider-Man: Miles Morales,Jason Momoa,The Comeback Trail,Russell Westbrook,The Liberator,Hugh Grant,Soorarai Pottru,A Teacher,2020-11-13,3
Google trending searches,PS5,YouTube down,JB Hi-Fi PS5,PS5 pre-order,Godfall,Jaidyn Stephenson,Typhoon Philippines,Dhanteras 2020,Angry Anderson,US Masters,Ron Klain,PS5 games,Spider-Man: Miles Morales,Jason Momoa,The Comeback Trail,Russell Westbrook,The Liberator,Hugh Grant,Soorarai Pottru,A Teacher,2020-11-13,4
Google trending searches,PS5,YouTube down,JB Hi-Fi PS5,PS5 pre-order,Godfall,Jaidyn Stephenson,Typhoon Philippines,Dhanteras 2020,Angry Anderson,US Masters,Ron Klain,PS5 games,Spider-Man: Miles Morales,Jason Momoa,The Comeback Trail,Russell Westbrook,The Liberator,Hugh Grant,Soorarai Pottru,A Teacher,2020-11-13,5
Google trending searches,PS5,YouTube down,JB Hi-Fi PS5,PS5 pre-order,Godfall,Jaidyn Stephenson,Typhoon Philippines,Dhanteras 2020,Angry Anderson,US Masters,Ron Klain,PS5 games,Spider-Man: Miles Morales,Jason Momoa,The Comeback Trail,Russell Westbrook,The Liberator,Hugh Grant,Soorarai Pottru,A Teacher,2020-11-13,6
Google trending searches,PS5,YouTube down,JB Hi-Fi PS5,PS5 pre-order,Godfall,Jaidyn Stephenson,Typhoon Philippines,Dhanteras 2020,Angry Anderson,US Masters,Ron Klain,PS5 games,Spider-Man: Miles Morales,Jason Momoa,The Comeback Trail,Russell Westbrook,The Liberator,Hugh Grant,Soorarai Pottru,A Teacher,2020-11-13,7
Google trending searches,PS5,YouTube down,JB Hi-Fi PS5,PS5 pre-order,Godfall,Jaidyn Stephenson,Typhoon Philippines,Dhanteras 2020,Angry Anderson,US Masters,Ron Klain,PS5 games,Spider-Man: Miles Morales,Jason Momoa,The Comeback Trail,Russell Westbrook,The Liberator,Hugh Grant,Soorarai Pottru,A Teacher,2020-11-13,8
Google trending searches,Friday the 13th,England vs Ireland,Jeffrey Toobin,PS5,YouTube down,EB Games PS5,Us Masters,PS5 Australia,PS5 pre-order,Adam Treloar,AFL trade news,Typhoon Philippines,Jeremy Cameron,Godfall,Amazon PS5,Angry Anderson,Dhanteras 2020,Freaky movie,Asif Basra,Ron Klain,2020-11-13,9
Google trending searches,Us Masters leaderboard,Scotland vs Serbia,Friday the 13th,England vs Ireland,World Kindness Day 2020,Jeffrey Toobin,PS5,YouTube down,AFL trade news,EB Games PS5,PS5 Australia,US Masters,PlayStation 5,Jeremy Cameron,Typhoon Philippines,Godfall,Amazon PS5,Angry Anderson,Asif Basra,Freaky movie,2020-11-13,10
Google trending searches,England vs Ireland,Serbia vs Scotland,World Kindness Day 2020,Jeffrey Toobin,PS5,YouTube down,US Masters,EB Games PS5,PlayStation 5,Adam Treloar,AFL trade news,PS5 Australia,Target PS5,Jeremy Cameron,Typhoon Philippines,Godfall,Amazon PS5,Angry Anderson,Asif Basra,Freaky movie,2020-11-13,11
Google trending searches,Scotland vs Serbia,Diwali,Friday the 13th,Black Friday sales,England vs Ireland,World Kindness Day 2020,Black Ops Cold War,Jeffrey Toobin,New Zealand Covid,PS5,US Masters,YouTube down,AFL trade news,PS5 Australia,EB Games PS5,PlayStation 5,Jeremy Cameron,Typhoon Philippines,Godfall,PS5 price,2020-11-13,12
Google trending searches,Diwali,Friday the 13th,Call of Duty Cold War,Serbia vs Scotland,England vs Ireland,Black Friday sales,World Kindness Day 2020,PGA TOUR,Argentina vs Paraguay,Jeffrey Toobin,New Zealand COVID,PS5,US Masters,YouTube down,AFL TRADE news,EB Games PS5,PS5 Australia,Jeremy Cameron,Typhoon Philippines,Asif Basra,2020-11-13,13
Google trending searches,Scotland vs Serbia,Diwali,Friday the 13th,Call of Duty Cold War,Black Friday sales,England vs Ireland,World Kindness Day 2020,PGA TOUR,Argentina vs Paraguay,Big Sur,Jeffrey Toobin,New Zealand COVID,Grey's Anatomy season 17,PS5,YouTube down,AFL TRADE news,PlayStation 5,Us Masters,EB Games PS5,Masters golf,2020-11-13,14
Google trending searches,Diwali,Scotland vs Serbia,Call of Duty Cold War,Friday the 13th,Black Friday sales,England vs Ireland,World Kindness Day 2020,BOM radar Sydney,Argentina vs Paraguay,PGA TOUR,Big Sur,Grey's Anatomy season 17,Jeffrey Toobin,New Zealand COVID,PS5,YouTube down,AFL trade news,Us Masters,PlayStation 5,EB Games PS5,2020-11-13,15
Google trending searches,Call of Duty Cold War,Scotland vs Serbia,Diwali,Friday the 13th,Black Friday sales,England vs Ireland,World Kindness Day 2020,PGA TOUR,Home and Away spoilers,Argentina vs Paraguay,Big Sur,Grey's Anatomy season 17,Paul Casey,Jeffrey Toobin,New Zealand COVID,PS5,Us Masters,AFL trade news,YouTube down,PlayStation 5,2020-11-13,16
Google trending searches,Call of Duty Cold War,Scotland vs Serbia,Diwali,Friday the 13th,Black Friday sales,England vs Ireland,Grey's Anatomy season 17,Home and Away spoilers,Radar,Argentina vs Paraguay,World Kindness Day 2020,PGA TOUR,Big Sur,World Kindness Day,Jeffrey Toobin,PGA,New Zealand COVID,PS5,Us Masters,AFL trade news,2020-11-13,17
Google trending searches,BOM,Call of Duty Cold War,Diwali,Weather radar,Friday the 13th,Euro 2020,Grey's Anatomy season 17,Black Friday sales,England vs Ireland,PGA TOUR,Home and Away spoilers,Radar,Argentina vs Paraguay,World Kindness Day 2020,Big Sur,Samantha Armytage,World Kindness Day,Jeffrey Toobin,New Zealand COVID,PS5,2020-11-13,18
Google trending searches,BOM,Weather radar,Call of Duty Cold War,Diwali,Friday the 13th,Euro 2020,Grey's Anatomy season 17,Black Friday sales,England vs Ireland,Samantha Armytage,Home and Away spoilers,Argentina vs Paraguay,World Kindness Day 2020,Big Sur,World Kindness Day,PGA,Jeffrey Toobin,New Zealand COVID,Ludo movie,Women's State of Origin,2020-11-13,19
Google trending searches,BOM,Weather radar,Call of Duty Cold War,Diwali,Friday the 13th,Euro 2020,Grey's Anatomy season 17,Black Friday sales,England vs Ireland,Samantha Armytage,Home and Away spoilers,Argentina vs Paraguay,World Kindness Day 2020,Big Sur,World Kindness Day,PGA,Jeffrey Toobin,New Zealand COVID,Ludo movie,Women's State of Origin,2020-11-13,20
Google trending searches,BOM,Weather radar,Call of Duty Cold War,Diwali,Friday the 13th,Euro 2020,Grey's Anatomy season 17,Black Friday sales,England vs Ireland,Samantha Armytage,Home and Away spoilers,Argentina vs Paraguay,World Kindness Day 2020,Big Sur,World Kindness Day,PGA,Jeffrey Toobin,New Zealand COVID,Ludo movie,Women's State of Origin,2020-11-13,21
Google trending searches,BOM,Weather radar,Call of Duty Cold War,Diwali,Friday the 13th,Euro 2020,Grey's Anatomy season 17,Black Friday sales,England vs Ireland,Samantha Armytage,Home and Away spoilers,Argentina vs Paraguay,World Kindness Day 2020,Big Sur,World Kindness Day,PGA,Jeffrey Toobin,New Zealand COVID,Ludo movie,Women's State of Origin,2020-11-13,22
Google trending searches,BOM,Weather radar,Call of Duty Cold War,Diwali,Friday the 13th,Euro 2020,Grey's Anatomy season 17,Black Friday sales,England vs Ireland,Samantha Armytage,Home and Away spoilers,Argentina vs Paraguay,World Kindness Day 2020,Big Sur,World Kindness Day,PGA,Jeffrey Toobin,New Zealand COVID,Ludo movie,Women's State of Origin,2020-11-13,23
Google trending searches,BOM,Weather radar,Call of Duty Cold War,Diwali,Friday the 13th,Euro 2020,Grey's Anatomy season 17,Black Friday sales,England vs Ireland,Samantha Armytage,Home and Away spoilers,Argentina vs Paraguay,World Kindness Day 2020,Big Sur,World Kindness Day,PGA,Jeffrey Toobin,New Zealand COVID,Ludo movie,Women's State of Origin,2020-11-14,0
Google trending searches,BOM,Weather radar,Call of Duty Cold War,Diwali,Friday the 13th,Euro 2020,Grey's Anatomy season 17,Black Friday sales,England vs Ireland,Samantha Armytage,Home and Away spoilers,Argentina vs Paraguay,World Kindness Day 2020,Big Sur,World Kindness Day,PGA,Jeffrey Toobin,New Zealand COVID,Ludo movie,Women's State of Origin,2020-11-14,1
Google trending searches,BOM,Weather radar,Call of Duty Cold War,Diwali,Friday the 13th,Euro 2020,Grey's Anatomy season 17,Black Friday sales,England vs Ireland,Samantha Armytage,Home and Away spoilers,Argentina vs Paraguay,World Kindness Day 2020,Big Sur,World Kindness Day,PGA,Jeffrey Toobin,New Zealand COVID,Ludo movie,Women's State of Origin,2020-11-14,2
Google trending searches,BOM,Weather radar,Call of Duty Cold War,Diwali,Friday the 13th,Euro 2020,Grey's Anatomy season 17,Black Friday sales,England vs Ireland,Samantha Armytage,Home and Away spoilers,Argentina vs Paraguay,World Kindness Day 2020,Big Sur,World Kindness Day,PGA,Jeffrey Toobin,New Zealand COVID,Ludo movie,Women's State of Origin,2020-11-14,3
Google trending searches,BOM,Weather radar,Call of Duty Cold War,Diwali,Friday the 13th,Euro 2020,Grey's Anatomy season 17,Black Friday sales,England vs Ireland,Samantha Armytage,Home and Away spoilers,Argentina vs Paraguay,World Kindness Day 2020,Big Sur,World Kindness Day,PGA,Jeffrey Toobin,New Zealand COVID,Ludo movie,Women's State of Origin,2020-11-14,4
Google trending searches,BOM,Weather radar,Call of Duty Cold War,Diwali,Friday the 13th,Euro 2020,Grey's Anatomy season 17,Black Friday sales,England vs Ireland,Samantha Armytage,Home and Away spoilers,Argentina vs Paraguay,World Kindness Day 2020,Big Sur,World Kindness Day,PGA,Jeffrey Toobin,New Zealand COVID,Ludo movie,Women's State of Origin,2020-11-14,5
Google trending searches,BOM,Weather radar,Call of Duty Cold War,Diwali,Friday the 13th,Euro 2020,Grey's Anatomy season 17,Black Friday sales,England vs Ireland,Samantha Armytage,Home and Away spoilers,Argentina vs Paraguay,World Kindness Day 2020,Big Sur,World Kindness Day,PGA,Jeffrey Toobin,New Zealand COVID,Ludo movie,Women's State of Origin,2020-11-14,7
Google trending searches,BOM,Weather radar,Call of Duty Cold War,Diwali,Friday the 13th,Euro 2020,Grey's Anatomy season 17,Black Friday sales,England vs Ireland,Samantha Armytage,Home and Away spoilers,Argentina vs Paraguay,World Kindness Day 2020,Big Sur,World Kindness Day,PGA,Jeffrey Toobin,New Zealand COVID,Ludo movie,Women's State of Origin,2020-11-14,8
Google trending searches,Unus Annus,Duncan Armstrong,Meg Ryan,Therefore I Am,Dominic Cummings,BOM,Masters leaderboard,Diwali,Call of Duty Cold War,Grey's Anatomy season 17,Bo-Katan,Happy Diwali 2020,Weather radar,Yvonne Sampson,Friday the 13th,Euro 2020,Peter Sutcliffe,Women's State of Origin,Gymshark,Samantha Armytage,2020-11-14,9
Google trending searches,Unus Annus,State of Origin Game 3,Duncan Armstrong,Ubisoft,Colombia vs Uruguay,Meg Ryan,Dominic Cummings,Therefore I Am,Masters leaderboard,Grey's Anatomy Season 17,Happy Diwali,Call of Duty Cold War,Diwali,Bo-Katan,Weather radar,Peter Sutcliffe,Friday the 13th,Gymshark,Women's State of Origin,Samantha Armytage,2020-11-14,10
Google trending searches,Unus Annus,State of Origin Game 3,Duncan Armstrong,Ubisoft,Colombia vs Uruguay,Meg Ryan,Dominic Cummings,Therefore I Am,Masters leaderboard,Grey's Anatomy Season 17,Happy Diwali,Call of Duty Cold War,Diwali,Bo-Katan,Weather radar,Peter Sutcliffe,Friday the 13th,Gymshark,Women's State of Origin,Samantha Armytage,2020-11-14,11
Google trending searches,Unus Annus,Duncan Armstrong,Ubisoft,Colombia vs Uruguay,Meg Ryan,Dominic Cummings,All Blacks vs Argentina,Therefore I Am,Masters leaderboard,Happy Diwali,Grey's Anatomy Season 17,Call of Duty Cold War,Diwali,Bo-Katan,Peter Sutcliffe,Weather radar,Friday the 13th,Gymshark,Women's State of Origin,Samantha Armytage,2020-11-14,12
Google trending searches,Unus Annus,Duncan Armstrong,Ubisoft,Colombia vs Uruguay,Meg Ryan,All Blacks vs Argentina,Dominic Cummings,Therefore I Am,iPhone 12 Pro Max case,Masters leaderboard,Happy Diwali 2020,Grey's Anatomy Season 17,Call of Duty Cold War,Diwali,Bo-Katan,Peter Sutcliffe,Happy Diwali,Weather radar,Friday the 13th,Gymshark,2020-11-14,13
Google trending searches,Diwali wishes,Unus Annus,Duncan Armstrong,Ubisoft,Colombia vs Uruguay,All Blacks vs Argentina,Meg Ryan,Dominic Cummings,Brazil vs Venezuela,Chile (vs Peru,Therefore I Am,Masters leaderboard,Diwali,Grey's Anatomy Season 17,Call of Duty Cold War,Bo-Katan,Peter Sutcliffe,Weather radar,Gymshark,Friday the 13th,2020-11-14,14
Google trending searches,Diwali wishes,Unus Annus,Duncan Armstrong,Ubisoft,All Blacks vs Argentina,Colombia vs Uruguay,Meg Ryan,Dominic Cummings,Brazil vs Venezuela,Chile (vs Peru,Therefore I Am,Masters leaderboard,Diwali,Grey's Anatomy Season 17,Call of Duty Cold War,Bo-Katan,Peter Sutcliffe,Weather radar,Gymshark,Yvonne Sampson,2020-11-14,15
Google trending searches,Unus Annus,Ubisoft,Duncan Armstrong,All Blacks vs Argentina,Colombia vs Uruguay,Meg Ryan,Brazil vs Venezuela,Dominic Cummings,Chile (vs Peru,Therefore I Am,iPhone 12 Pro Max case,Masters leaderboard,Happy Diwali,Grey's Anatomy Season 17,Diwali,Call of Duty Cold War,Bo-Katan,Peter Sutcliffe,Weather radar,Yvonne Sampson,2020-11-14,16
Google trending searches,Unus Annus,Ubisoft,All Blacks vs Argentina,Duncan Armstrong,Colombia vs Uruguay,Brazil vs Venezuela,Meg Ryan,Dominic Cummings,Chile (vs Peru,Therefore I Am,Operation Warp Speed,Masters leaderboard,Happy Diwali,Grey's Anatomy Season 17,Gymshark,Diwali,Call of Duty Cold War,Bo-Katan,Peter Sutcliffe,Yvonne Sampson,2020-11-14,17
Google trending searches,All Blacks vs Argentina,Unus Annus,Ubisoft,Duncan Armstrong,Colombia vs Uruguay,Brazil vs Venezuela,Meg Ryan,Dominic Cummings,Alexi Baker,Chile vs Peru,Operation Warp Speed,Olivia Wilde,Hugh Marks,Harry Styles Vogue,Therefore I Am,Russell Crowe,Masters leaderboard,Happy Diwali,Grey's Anatomy season 17,Diwali,2020-11-14,18
Google trending searches,All Blacks vs Argentina,Unus Annus,Ubisoft,Duncan Armstrong,Colombia vs Uruguay,Brazil vs Venezuela,Meg Ryan,Dominic Cummings,Alexi Baker,Chile vs Peru,Operation Warp Speed,Olivia Wilde,Hugh Marks,Harry Styles Vogue,Therefore I Am,Russell Crowe,Masters leaderboard,Happy Diwali,Grey's Anatomy season 17,Diwali,2020-11-14,19
Google trending searches,All Blacks vs Argentina,Unus Annus,Ubisoft,Duncan Armstrong,Colombia vs Uruguay,Brazil vs Venezuela,Meg Ryan,Dominic Cummings,Alexi Baker,Chile vs Peru,Operation Warp Speed,Olivia Wilde,Hugh Marks,Harry Styles Vogue,Therefore I Am,Russell Crowe,Masters leaderboard,Happy Diwali,Grey's Anatomy season 17,Diwali,2020-11-14,20
Google trending searches,All Blacks vs Argentina,Unus Annus,Ubisoft,Duncan Armstrong,Colombia vs Uruguay,Brazil vs Venezuela,Meg Ryan,Dominic Cummings,Alexi Baker,Chile vs Peru,Operation Warp Speed,Olivia Wilde,Hugh Marks,Harry Styles Vogue,Therefore I Am,Russell Crowe,Masters leaderboard,Happy Diwali,Grey's Anatomy season 17,Diwali,2020-11-14,21
Google trending searches,All Blacks vs Argentina,Unus Annus,Ubisoft,Duncan Armstrong,Colombia vs Uruguay,Brazil vs Venezuela,Meg Ryan,Dominic Cummings,Alexi Baker,Chile vs Peru,Operation Warp Speed,Olivia Wilde,Hugh Marks,Harry Styles Vogue,Therefore I Am,Russell Crowe,Masters leaderboard,Happy Diwali,Grey's Anatomy season 17,Diwali,2020-11-14,22
Google trending searches,All Blacks vs Argentina,Unus Annus,Ubisoft,Duncan Armstrong,Colombia vs Uruguay,Brazil vs Venezuela,Meg Ryan,Dominic Cummings,Alexi Baker,Chile vs Peru,Operation Warp Speed,Olivia Wilde,Hugh Marks,Harry Styles Vogue,Therefore I Am,Russell Crowe,Masters leaderboard,Happy Diwali,Grey's Anatomy season 17,Diwali,2020-11-14,23
Google trending searches,All Blacks vs Argentina,Unus Annus,Ubisoft,Duncan Armstrong,Colombia vs Uruguay,Brazil vs Venezuela,Meg Ryan,Dominic Cummings,Alexi Baker,Chile vs Peru,Operation Warp Speed,Olivia Wilde,Hugh Marks,Harry Styles Vogue,Therefore I Am,Russell Crowe,Masters leaderboard,Happy Diwali,Grey's Anatomy season 17,Diwali,2020-11-15,0
Google trending searches,All Blacks vs Argentina,Unus Annus,Ubisoft,Duncan Armstrong,Colombia vs Uruguay,Brazil vs Venezuela,Meg Ryan,Dominic Cummings,Alexi Baker,Chile vs Peru,Operation Warp Speed,Olivia Wilde,Hugh Marks,Harry Styles Vogue,Therefore I Am,Russell Crowe,Masters leaderboard,Happy Diwali,Grey's Anatomy season 17,Diwali,2020-11-15,1
Google trending searches,All Blacks vs Argentina,Unus Annus,Ubisoft,Duncan Armstrong,Colombia vs Uruguay,Brazil vs Venezuela,Meg Ryan,Dominic Cummings,Alexi Baker,Chile vs Peru,Operation Warp Speed,Olivia Wilde,Hugh Marks,Harry Styles Vogue,Therefore I Am,Russell Crowe,Masters leaderboard,Happy Diwali,Grey's Anatomy season 17,Diwali,2020-11-15,2
Google trending searches,All Blacks vs Argentina,Unus Annus,Ubisoft,Duncan Armstrong,Colombia vs Uruguay,Brazil vs Venezuela,Meg Ryan,Dominic Cummings,Alexi Baker,Chile vs Peru,Operation Warp Speed,Olivia Wilde,Hugh Marks,Harry Styles Vogue,Therefore I Am,Russell Crowe,Masters leaderboard,Happy Diwali,Grey's Anatomy season 17,Diwali,2020-11-15,3
Google trending searches,All Blacks vs Argentina,Unus Annus,Ubisoft,Duncan Armstrong,Colombia vs Uruguay,Brazil vs Venezuela,Meg Ryan,Dominic Cummings,Alexi Baker,Chile vs Peru,Operation Warp Speed,Olivia Wilde,Hugh Marks,Harry Styles Vogue,Therefore I Am,Russell Crowe,Masters leaderboard,Happy Diwali,Grey's Anatomy season 17,Diwali,2020-11-15,4
Google trending searches,All Blacks vs Argentina,Unus Annus,Ubisoft,Duncan Armstrong,Colombia vs Uruguay,Brazil vs Venezuela,Meg Ryan,Dominic Cummings,Alexi Baker,Chile vs Peru,Operation Warp Speed,Olivia Wilde,Hugh Marks,Harry Styles Vogue,Therefore I Am,Russell Crowe,Masters leaderboard,Happy Diwali,Grey's Anatomy season 17,Diwali,2020-11-15,5
Google trending searches,All Blacks vs Argentina,Unus Annus,Ubisoft,Duncan Armstrong,Colombia vs Uruguay,Brazil vs Venezuela,Meg Ryan,Dominic Cummings,Alexi Baker,Chile vs Peru,Operation Warp Speed,Olivia Wilde,Hugh Marks,Harry Styles Vogue,Therefore I Am,Russell Crowe,Masters leaderboard,Happy Diwali,Grey's Anatomy season 17,Diwali,2020-11-15,6
Google trending searches,All Blacks vs Argentina,Unus Annus,Ubisoft,Duncan Armstrong,Colombia vs Uruguay,Brazil vs Venezuela,Meg Ryan,Dominic Cummings,Alexi Baker,Chile vs Peru,Operation Warp Speed,Olivia Wilde,Hugh Marks,Harry Styles Vogue,Therefore I Am,Russell Crowe,Masters leaderboard,Happy Diwali,Grey's Anatomy season 17,Diwali,2020-11-15,7
Google trending searches,All Blacks vs Argentina,Unus Annus,Ubisoft,Duncan Armstrong,Colombia vs Uruguay,Brazil vs Venezuela,Meg Ryan,Dominic Cummings,Alexi Baker,Chile vs Peru,Operation Warp Speed,Olivia Wilde,Hugh Marks,Harry Styles Vogue,Therefore I Am,Russell Crowe,Masters leaderboard,Happy Diwali,Grey's Anatomy season 17,Diwali,2020-11-15,8
Google trending searches,F1,Portugal vs France,F1 qualifying,All Blacks vs Argentina,Cameron Smith,Unus Annus,Kylie Minogue,McHappy Day,Olivia Wilde,Ubisoft,Christmas Pageant,Hugh Marks,WWE Zelina Vega,Duncan Armstrong,Megan Is Missing,Colombia vs Uruguay,Dominic Cummings,Abraham Ancer,Harry Styles Vogue,Operation Warp Speed,2020-11-15,9
Google trending searches,F1,Nations League,All Blacks vs Argentina,Cameron Smith,Unus Annus,Kylie Minogue,McHappy Day,Olivia Wilde,Ubisoft,Christmas Pageant,Hugh Marks,WWE Zelina Vega,Duncan Armstrong,Megan Is Missing,Brazil vs Venezuela,Colombia vs Uruguay,Dominic Cummings,Harry Styles Vogue,Operation Warp Speed,Deepavali,2020-11-15,10
Google trending searches,F1,Nations League,F1 qualifying,UEFA Nations League,Fraser Island Fire,Fraser Island,All Blacks vs Argentina,Cameron Smith,Unus Annus,Kylie Minogue,Olivia Wilde,McHappy Day,Ubisoft,Christmas Pageant,Hugh Marks,WWE Zelina Vega,Duncan Armstrong,Megan Is Missing,Brazil vs Venezuela,Colombia vs Uruguay,2020-11-15,11
Google trending searches,F1,Nations League,F1 qualifying,UEFA Nations League,Fraser Island Fire,Fraser Island,All Blacks vs Argentina,Cameron Smith,Unus Annus,Olivia Wilde,Kylie Minogue,McHappy Day,Ubisoft,Hugh Marks,WWE Zelina Vega,Duncan Armstrong,Megan Is Missing,Brazil vs Venezuela,Colombia vs Uruguay,Dominic Cummings,2020-11-15,12
Google trending searches,F1,Nations League,F1 qualifying,Fraser Island fire,Fraser Island,Paul Felder,All Blacks vs Argentina,Cameron Smith,Unus Annus,Kylie Minogue,Olivia Wilde,McHappy Day,Ubisoft,Hugh Marks,Megan Is Missing,WWE Zelina Vega,Duncan Armstrong,Brazil vs Venezuela,Colombia vs Uruguay,Dominic Cummings,2020-11-15,13
Google trending searches,F1,Nations League,F1 qualifying,Fraser Island fire,Paul Felder,Steve Irwin,Crawford vs Brook,All Blacks vs Argentina,Cameron Smith,Unus Annus,Kylie Minogue,Olivia Wilde,McHappy Day,Ubisoft,Megan Is Missing,Hugh Marks,Christmas Pageant,WWE Zelina Vega,Duncan Armstrong,Cameron Smith affair,2020-11-15,14
Google trending searches,F1,Nations League,F1 qualifying,Fraser Island fire,Paul Felder,Crawford vs Brook,Steve Irwin,All Blacks vs Argentina,Cameron Smith,Unus Annus,Kylie Minogue,Olivia Wilde,McHappy Day,Megan Is Missing,Ubisoft,Hugh Marks,WWE Zelina Vega,Duncan Armstrong,Dominic Cummings,Jingle Jangle,2020-11-15,15
Google trending searches,F1,F1 qualifying,Nations League,Crawford vs Brook,Fraser Island fire,Paul Felder,UEFA Nations League,Steve Irwin,Dwayne Johnson,All Blacks vs Argentina,Cameron Smith,Megan Is Missing,Kylie Minogue,Olivia Wilde,McHappy Day,Ubisoft,Hugh Marks,WWE Zelina Vega,Duncan Armstrong,Dominic Cummings,2020-11-15,16
Google trending searches,F1,Nations League,Crawford vs Brook,Fraser Island fire,F1 qualifying,Paul Felder,Steve Irwin,Dwayne johnson,Proud Boys,Andrew Moloney,All Blacks vs Argentina,Dustin Johnson,Cameron Smith,Megan Is Missing,Kylie Minogue,Olivia Wilde,McHappy Day,Ubisoft,Hugh Marks,WWE Zelina Vega,2020-11-15,17
Google trending searches,F1,Nations League,F1 qualifying,Crawford vs Brook,Fraser Island fire,Paul Felder,Terence Crawford,Steve Irwin,Andrew Moloney,Dwayne johnson,All Blacks vs Argentina,Dustin Johnson,Cameron Smith,Megan Is Missing,Kylie Minogue,Olivia Wilde,McHappy Day,Ubisoft,Hugh Marks,WWE Zelina Vega,2020-11-15,18
Google trending searches,F1,Nations League,The Crown season 4,Fraser Island fire,F1 qualifying,Paul Felder,Terence Crawford,Portugal vs France,Crawford vs Brook,Steve Irwin,Andrew Moloney,Proud Boys,Dwayne johnson,Power outage,COVID SA,All Blacks vs Argentina,Dustin Johnson,Cameron Smith,Megan Is Missing,Kylie Minogue,2020-11-15,19
Google trending searches,F1,Nations League,The Crown Season 4,Crawford vs Brook,COVID SA,Fraser Island fire,Paul Felder,Steve Irwin,Andrew Moloney,Turkish Grand Prix,Lord Mountbatten,Dwayne johnson,Power outage,All Blacks vs Argentina,Cameron Smith,Megan Is Missing,Masters leaderboard 2020,Kylie Minogue,Antifa,Diwali wishes,2020-11-15,20
Google trending searches,F1,Nations League,The Crown Season 4,Crawford vs Brook,COVID SA,Fraser Island fire,Paul Felder,Steve Irwin,Andrew Moloney,Turkish Grand Prix,Lord Mountbatten,Dwayne johnson,Power outage,All Blacks vs Argentina,Cameron Smith,Megan Is Missing,Masters leaderboard 2020,Kylie Minogue,Antifa,Diwali wishes,2020-11-15,21
Google trending searches,F1,Nations League,The Crown Season 4,Crawford vs Brook,COVID SA,Fraser Island fire,Paul Felder,Steve Irwin,Andrew Moloney,Turkish Grand Prix,Lord Mountbatten,Dwayne johnson,Power outage,All Blacks vs Argentina,Cameron Smith,Megan Is Missing,Masters leaderboard 2020,Kylie Minogue,Antifa,Diwali wishes,2020-11-15,22
Google trending searches,F1,Nations League,The Crown Season 4,Crawford vs Brook,COVID SA,Fraser Island fire,Paul Felder,Steve Irwin,Andrew Moloney,Turkish Grand Prix,Lord Mountbatten,Dwayne johnson,Power outage,All Blacks vs Argentina,Cameron Smith,Megan Is Missing,Masters leaderboard 2020,Kylie Minogue,Antifa,Diwali wishes,2020-11-15,23
Google trending searches,F1,Nations League,The Crown Season 4,Crawford vs Brook,COVID SA,Fraser Island fire,Paul Felder,Steve Irwin,Andrew Moloney,Turkish Grand Prix,Lord Mountbatten,Dwayne johnson,Power outage,All Blacks vs Argentina,Cameron Smith,Megan Is Missing,Masters leaderboard 2020,Kylie Minogue,Antifa,Diwali wishes,2020-11-16,0
Google trending searches,F1,Nations League,The Crown Season 4,Crawford vs Brook,COVID SA,Fraser Island fire,Paul Felder,Steve Irwin,Andrew Moloney,Turkish Grand Prix,Lord Mountbatten,Dwayne johnson,Power outage,All Blacks vs Argentina,Cameron Smith,Megan Is Missing,Masters leaderboard 2020,Kylie Minogue,Antifa,Diwali wishes,2020-11-16,1
Google trending searches,F1,Nations League,The Crown Season 4,Crawford vs Brook,COVID SA,Fraser Island fire,Paul Felder,Steve Irwin,Andrew Moloney,Turkish Grand Prix,Lord Mountbatten,Dwayne johnson,Power outage,All Blacks vs Argentina,Cameron Smith,Megan Is Missing,Masters leaderboard 2020,Kylie Minogue,Antifa,Diwali wishes,2020-11-16,2
Google trending searches,F1,Nations League,The Crown Season 4,Crawford vs Brook,COVID SA,Fraser Island fire,Paul Felder,Steve Irwin,Andrew Moloney,Turkish Grand Prix,Lord Mountbatten,Dwayne johnson,Power outage,All Blacks vs Argentina,Cameron Smith,Megan Is Missing,Masters leaderboard 2020,Kylie Minogue,Antifa,Diwali wishes,2020-11-16,3
Google trending searches,F1,Nations League,The Crown Season 4,Crawford vs Brook,COVID SA,Fraser Island fire,Paul Felder,Steve Irwin,Andrew Moloney,Turkish Grand Prix,Lord Mountbatten,Dwayne johnson,Power outage,All Blacks vs Argentina,Cameron Smith,Megan Is Missing,Masters leaderboard 2020,Kylie Minogue,Antifa,Diwali wishes,2020-11-16,4
Google trending searches,F1,Nations League,The Crown Season 4,Crawford vs Brook,COVID SA,Fraser Island fire,Paul Felder,Steve Irwin,Andrew Moloney,Turkish Grand Prix,Lord Mountbatten,Dwayne johnson,Power outage,All Blacks vs Argentina,Cameron Smith,Megan Is Missing,Masters leaderboard 2020,Kylie Minogue,Antifa,Diwali wishes,2020-11-16,5
Google trending searches,F1,Nations League,The Crown Season 4,Crawford vs Brook,COVID SA,Fraser Island fire,Paul Felder,Steve Irwin,Andrew Moloney,Turkish Grand Prix,Lord Mountbatten,Dwayne johnson,Power outage,All Blacks vs Argentina,Cameron Smith,Megan Is Missing,Masters leaderboard 2020,Kylie Minogue,Antifa,Diwali wishes,2020-11-16,6
Google trending searches,F1,Nations League,The Crown Season 4,Crawford vs Brook,COVID SA,Fraser Island fire,Paul Felder,Steve Irwin,Andrew Moloney,Turkish Grand Prix,Lord Mountbatten,Dwayne johnson,Power outage,All Blacks vs Argentina,Cameron Smith,Megan Is Missing,Masters leaderboard 2020,Kylie Minogue,Antifa,Diwali wishes,2020-11-16,7
Google trending searches,F1,Nations League,The Crown Season 4,Crawford vs Brook,COVID SA,Fraser Island fire,Paul Felder,Steve Irwin,Andrew Moloney,Turkish Grand Prix,Lord Mountbatten,Dwayne johnson,Power outage,All Blacks vs Argentina,Cameron Smith,Megan Is Missing,Masters leaderboard 2020,Kylie Minogue,Antifa,Diwali wishes,2020-11-16,8
Google trending searches,Princess Margaret,Margaret River,Sylvester Stallone,Adelaidenow,Soumitra Chatterjee,ATP Finals,F1,COVID SA,The Crown' Season 4,Margaret Thatcher,Lord Mountbatten,Des O'Connor,Nations League,Crawford vs Brook,Masters leaderboard 2020,Antifa,Paul Felder,Power outage,Angus Young,Andrew Moloney,2020-11-16,9
Google trending searches,Princess Margaret,Margaret River,Sylvester Stallone,Adelaidenow,Dennis Schroder,ATP Finals,Pete Evans,Ray Clemence,Soumitra Chatterjee,COVID SA,Margaret Thatcher,F1,Lord Mountbatten,Nations League,Des O'Connor,Crawford vs Brook,Gillian Anderson,Antifa,Paul Felder,Power outage,2020-11-16,10
Google trending searches,ATP Finals,Princess Margaret,Margaret River,Sylvester Stallone,Adelaidenow,Dennis Schroder,Pete Evans,Ray Clemence,Prince Philip,Soumitra Chatterjee,COVID SA,Margaret Thatcher,F1,Lord Mountbatten,Nations League,Des O'Connor,Crawford vs Brook,ANTIFA,Power outage,Paul Felder,2020-11-16,11
Google trending searches,ASX,SpaceX launch,Bernard Tomic,ATP Finals,Princess Margaret,Margaret River,Adelaidenow,Sylvester Stallone,Dennis Schroder,Pete Evans,Ray Clemence,Soumitra Chatterjee,South Australia COVID,Margaret Thatcher,F1,Lord Mountbatten,Nations League,Des O'Connor,Crawford vs Brook,Antifa,2020-11-16,12
Google trending searches,ASX,SpaceX launch,Bernard Tomic,ATP Finals,Princess Margaret,Adelaidenow,Margaret River,Sylvester Stallone,Dennis Schroder,Pete Evans,Ray Clemence,Soumitra Chatterjee,South Australia COVID,F1,The Crown season 4,Margaret Thatcher,Lord Mountbatten,Nations League,Des O'Connor,Crawford vs Brook,2020-11-16,13
Google trending searches,ASX,SpaceX,ATP Finals,Bernard Tomic,Adelaidenow,Princess Margaret,Pete Evans,Margaret River,Dennis Schroder,Sylvester Stallone,Ray Clemence,Soumitra Chatterjee,Bhai Dooj 2020,Jewel,Italy vs Poland,South Australia COVID,The Crown season 4,F1,Margaret Thatcher,Lord Mountbatten,2020-11-16,14
Google trending searches,ASX,SpaceX,ATP Finals,Bernard Tomic,Adelaidenow,Princess Margaret,Pete Evans,Dennis Schroder,Margaret River,Sylvester Stallone,Ray Clemence,John Shimooka,Daniel Ricciardo,Soumitra Chatterjee,Bhai Dooj 2020,Alex McKinnon,Italy vs Poland,South Australia COVID,Margaret Thatcher,F1,2020-11-16,15
Google trending searches,ASX,SpaceX,ATP Finals,Bernard Tomic,Pete Evans,Princess Margaret,Dennis Schroder,John Shimooka,Margaret River,Sylvester Stallone,Ray Clemence,Robodebt,Daniel Ricciardo,Soumitra Chatterjee,Bhai Dooj 2020,Alex McKinnon,Italy vs Poland,Jewel,South Australia COVID,Margaret Thatcher,2020-11-16,16
Google trending searches,ASX,SpaceX,COVID,ATP Finals,Bernard Tomic,Pete Evans,Princess Margaret,John Shimooka,Dennis Schroder,Margaret River,Sylvester Stallone,Ray Clemence,Robodebt,Red Ripper,Daniel Ricciardo,Soumitra Chatterjee,Bhai Dooj 2020,The Advertiser,Alex McKinnon,Italy vs Poland,2020-11-16,17
Google trending searches,ASX,SpaceX,COVID,Pete Evans,Bernard Tomic,Adelaide now,John Shimooka,Princess Margaret,Dennis Schroder,Rafael Nadal,Margaret River,Robodebt,Ray Clemence,Sylvester Stallone,Prince Andrew,Red Ripper,ATP Finals,Daniel Ricciardo,Bhai Dooj 2020,Soumitra Chatterjee,2020-11-16,18
Google trending searches,ASX,SpaceX,Pete Evans,Bernard Tomic,ATP Finals,John Shimooka,Adelaide now,Princess Margaret,Robodebt,Dennis Schroder,Margaret River,Ray Clemence,Sylvester Stallone,Prince Andrew,Red Ripper,Celeste Manno,Suburban Rail Loop,Daniel Ricciardo,Bhai Dooj 2020,Soumitra Chatterjee,2020-11-16,19
Google trending searches,ASX,Pete Evans,SpaceX,Bernard Tomic,ATP Finals,John Shimooka,Robodebt,Princess Margaret,Dennis Schroder,Margaret River,Ray Clemence,Red Ripper,Prince Andrew,Sylvester Stallone,Celeste Manno,Suburban Rail Loop,Bhai Dooj 2020,Sam Burgess,Daniel Ricciardo,Soumitra Chatterjee,2020-11-16,20
Google trending searches,ASX,Pete Evans,SpaceX,Bernard Tomic,ATP Finals,John Shimooka,Robodebt,Princess Margaret,Dennis Schroder,Margaret River,Ray Clemence,Red Ripper,Prince Andrew,Sylvester Stallone,Celeste Manno,Suburban Rail Loop,Bhai Dooj 2020,Sam Burgess,Daniel Ricciardo,Soumitra Chatterjee,2020-11-16,21
Google trending searches,ASX,Pete Evans,SpaceX,Bernard Tomic,ATP Finals,John Shimooka,Robodebt,Princess Margaret,Dennis Schroder,Margaret River,Ray Clemence,Red Ripper,Prince Andrew,Sylvester Stallone,Celeste Manno,Suburban Rail Loop,Bhai Dooj 2020,Sam Burgess,Daniel Ricciardo,Soumitra Chatterjee,2020-11-16,22
Google trending searches,ASX,Pete Evans,SpaceX,Bernard Tomic,ATP Finals,John Shimooka,Robodebt,Princess Margaret,Dennis Schroder,Margaret River,Ray Clemence,Red Ripper,Prince Andrew,Sylvester Stallone,Celeste Manno,Suburban Rail Loop,Bhai Dooj 2020,Sam Burgess,Daniel Ricciardo,Soumitra Chatterjee,2020-11-16,23
Google trending searches,ASX,Pete Evans,SpaceX,Bernard Tomic,ATP Finals,John Shimooka,Robodebt,Princess Margaret,Dennis Schroder,Margaret River,Ray Clemence,Red Ripper,Prince Andrew,Sylvester Stallone,Celeste Manno,Suburban Rail Loop,Bhai Dooj 2020,Sam Burgess,Daniel Ricciardo,Soumitra Chatterjee,2020-11-17,0
Google trending searches,ASX,Pete Evans,SpaceX,Bernard Tomic,ATP Finals,John Shimooka,Robodebt,Princess Margaret,Dennis Schroder,Margaret River,Ray Clemence,Red Ripper,Prince Andrew,Sylvester Stallone,Celeste Manno,Suburban Rail Loop,Bhai Dooj 2020,Sam Burgess,Daniel Ricciardo,Soumitra Chatterjee,2020-11-17,1
Google trending searches,ASX,Pete Evans,SpaceX,Bernard Tomic,ATP Finals,John Shimooka,Robodebt,Princess Margaret,Dennis Schroder,Margaret River,Ray Clemence,Red Ripper,Prince Andrew,Sylvester Stallone,Celeste Manno,Suburban Rail Loop,Bhai Dooj 2020,Sam Burgess,Daniel Ricciardo,Soumitra Chatterjee,2020-11-17,2
Google trending searches,ASX,Pete Evans,SpaceX,Bernard Tomic,ATP Finals,John Shimooka,Robodebt,Princess Margaret,Dennis Schroder,Margaret River,Ray Clemence,Red Ripper,Prince Andrew,Sylvester Stallone,Celeste Manno,Suburban Rail Loop,Bhai Dooj 2020,Sam Burgess,Daniel Ricciardo,Soumitra Chatterjee,2020-11-17,3
Google trending searches,ASX,Pete Evans,SpaceX,Bernard Tomic,ATP Finals,John Shimooka,Robodebt,Princess Margaret,Dennis Schroder,Margaret River,Ray Clemence,Red Ripper,Prince Andrew,Sylvester Stallone,Celeste Manno,Suburban Rail Loop,Bhai Dooj 2020,Sam Burgess,Daniel Ricciardo,Soumitra Chatterjee,2020-11-17,4
Google trending searches,ASX,Pete Evans,SpaceX,Bernard Tomic,ATP Finals,John Shimooka,Robodebt,Princess Margaret,Dennis Schroder,Margaret River,Ray Clemence,Red Ripper,Prince Andrew,Sylvester Stallone,Celeste Manno,Suburban Rail Loop,Bhai Dooj 2020,Sam Burgess,Daniel Ricciardo,Soumitra Chatterjee,2020-11-17,5
Google trending searches,ASX,Pete Evans,SpaceX,Bernard Tomic,ATP Finals,John Shimooka,Robodebt,Princess Margaret,Dennis Schroder,Margaret River,Ray Clemence,Red Ripper,Prince Andrew,Sylvester Stallone,Celeste Manno,Suburban Rail Loop,Bhai Dooj 2020,Sam Burgess,Daniel Ricciardo,Soumitra Chatterjee,2020-11-17,6
Google trending searches,ASX,Pete Evans,SpaceX,Bernard Tomic,ATP Finals,John Shimooka,Robodebt,Princess Margaret,Dennis Schroder,Margaret River,Ray Clemence,Red Ripper,Prince Andrew,Sylvester Stallone,Celeste Manno,Suburban Rail Loop,Bhai Dooj 2020,Sam Burgess,Daniel Ricciardo,Soumitra Chatterjee,2020-11-17,7
Google trending searches,James Harden,ASX,Pete Evans,Paulina Gretzky,COVID,SpaceX,Candice Warner,John Shimooka,Celeste Manno,Bernard Tomic,Princess Margaret,Robodebt,ATP Finals,Adelaide now,Dennis Schroder,Red Ripper,Prince Andrew,Sam Burgess,Ray Clemence,Nick Cummins,2020-11-17,8
Google trending searches,Michael J. Fox,James Harden,Chris Paul,Nba trades,ASX,Pete Evans,Adelaide,COVID,SpaceX,Candice Warner,Celeste Manno,Paulina Gretzky,John Shimooka,Adelaide now,ATP Finals,Robodebt,Bernard Tomic,Princess Margaret,Nick Cummins,Red Ripper,2020-11-17,9
Google trending searches,Michael J. Fox,Chris Paul,James Harden,NBA trades,Candace Owens,ASX,Pete Evans,Adelaide,COVID,Mark Thatcher,Celeste Manno,SpaceX,Candice Warner,Robodebt,Paulina Gretzky,John Shimooka,Adelaide now,ATP Finals,Bernard Tomic,Princess Margaret,2020-11-17,11
Google trending searches,Michael J. Fox,Chris Paul,NBA trades,James Harden,Candace Owens,ASX,Pete Evans,Adelaide,COVID,Robodebt,Celeste Manno,SpaceX,Candice Warner,Paulina Gretzky,John Shimooka,ATP Finals,Bernard Tomic,Adelaide now,Princess Margaret,Nick Cummins,2020-11-17,12
Google trending searches,Chris Paul,Moderna share price,NBA trades,James Harden,Candace Owens,Phoebe Burgess,NSW budget,ASX,Pete Evans,COVID,Robodebt,Celeste Manno,SpaceX,Candice Warner,John Shimooka,ATP Finals,Bernard Tomic,Princess Margaret,Adelaide now,Qld border restrictions,2020-11-17,13
Google trending searches,Chris Paul,James Harden,Moderna share price,NBA trades,Candace Owens,NSW budget,Phoebe Burgess,Sally and Erica,ASX,Pete Evans,COVID,Celeste Manno,Robodebt,SpaceX,Candice Warner,Adelaide NEWS,Paulina Gretzky,John Shimooka,ATP Finals,Princess Margaret,2020-11-17,14
Google trending searches,NSW budget,Michael J. Fox,Chris Paul,James Harden,NBA trades,Moderna share price,Candace Owens,Phoebe Burgess,Sally and Erica,Scooter Braun,How many covid cases in s/A,ASX,Pete Evans,Adelaide,COVID,Celeste Manno,Robodebt,Candice Warner,SpaceX,John Shimooka,2020-11-17,15
Google trending searches,NSW budget,Chris Paul,Michael J. Fox,James Harden,NBA trades,Candace Owens,Moderna share price,Radar,Sally and Erica,Scooter Braun,Phoebe Burgess,Rob McElhenney,ASX,Pete Evans,Adelaide,COVID,Celeste Manno,Robodebt,Candice Warner,SpaceX,2020-11-17,16
Google trending searches,NSW budget,Weather Radar,Chris Paul,Michael J. Fox,James Harden,NBA trades,Wrexham FC,Candace Owens,Moderna share price,Radar,Sally and Erica,Scooter Braun,Jrue Holiday,Phoebe Burgess,ASX,Pete Evans,Adelaide,COVID,Celeste Manno,Robodebt,2020-11-17,17
Google trending searches,Bom,NSW budget,Weather Radar,James Harden,Chris Paul,Michael J. Fox,NBA trades,Wrexham FC,Candace Owens,Moderna share price,Jrue Holiday,Radar,Scooter Braun,Sally and Erica,Phoebe Burgess,ASX,Pete Evans,COVID,Celeste Manno,Robodebt,2020-11-17,18
Google trending searches,NSW budget,Weather Radar,James Harden,Chris Paul,Michael J. Fox,NBA trades,Wrexham FC,Candace Owens,Jrue Holiday,Radar,Scooter Braun,Sally and Erica,Phoebe Burgess,How many COVID cases in SA,ASX,Pete Evans,COVID,Celeste Manno,Robodebt,Candice Warner,2020-11-17,19
Google trending searches,NSW budget,Weather Radar,James Harden,Chris Paul,Wrexham FC,NBA trades,Michael J. Fox,Candace Owens,Moderna share price,Jrue Holiday,WBBL,Scooter Braun,Radar,Sally and Erica,Phoebe Burgess,ASX,Pete Evans,COVID,Celeste Manno,Robodebt,2020-11-17,20
Google trending searches,NSW budget,James Harden,Chris Paul,Wrexham FC,NBA trades,Michael J. Fox,Candace Owens,Jrue Holiday,WBBL,Scooter Braun,Sally and Erica,Radar,Phoebe Burgess,How many COVID cases in SA,ASX,Pete Evans,COVID,Celeste Manno,Robodebt,Candice Warner,2020-11-17,21
Google trending searches,NSW budget,James Harden,Chris Paul,Wrexham FC,NBA trades,Michael J. Fox,Candace Owens,Jrue Holiday,WBBL,Scooter Braun,Sally and Erica,Radar,Phoebe Burgess,How many COVID cases in SA,ASX,Pete Evans,COVID,Celeste Manno,Robodebt,Candice Warner,2020-11-17,22
Google trending searches,NSW budget,James Harden,Chris Paul,Wrexham FC,NBA trades,Michael J. Fox,Candace Owens,Jrue Holiday,WBBL,Scooter Braun,Sally and Erica,Radar,Phoebe Burgess,How many COVID cases in SA,ASX,Pete Evans,COVID,Celeste Manno,Robodebt,Candice Warner,2020-11-17,23
Google trending searches,NSW budget,James Harden,Chris Paul,Wrexham FC,NBA trades,Michael J. Fox,Candace Owens,Jrue Holiday,WBBL,Scooter Braun,Sally and Erica,Radar,Phoebe Burgess,How many COVID cases in SA,ASX,Pete Evans,COVID,Celeste Manno,Robodebt,Candice Warner,2020-11-18,0
Google trending searches,NSW budget,James Harden,Chris Paul,Wrexham FC,NBA trades,Michael J. Fox,Candace Owens,Jrue Holiday,WBBL,Scooter Braun,Sally and Erica,Radar,Phoebe Burgess,How many COVID cases in SA,ASX,Pete Evans,COVID,Celeste Manno,Robodebt,Candice Warner,2020-11-18,1
Google trending searches,NSW budget,James Harden,Chris Paul,Wrexham FC,NBA trades,Michael J. Fox,Candace Owens,Jrue Holiday,WBBL,Scooter Braun,Sally and Erica,Radar,Phoebe Burgess,How many COVID cases in SA,ASX,Pete Evans,COVID,Celeste Manno,Robodebt,Candice Warner,2020-11-18,2
Google trending searches,NSW budget,James Harden,Chris Paul,Wrexham FC,NBA trades,Michael J. Fox,Candace Owens,Jrue Holiday,WBBL,Scooter Braun,Sally and Erica,Radar,Phoebe Burgess,How many COVID cases in SA,ASX,Pete Evans,COVID,Celeste Manno,Robodebt,Candice Warner,2020-11-18,3
Google trending searches,NSW budget,James Harden,Chris Paul,Wrexham FC,NBA trades,Michael J. Fox,Candace Owens,Jrue Holiday,WBBL,Scooter Braun,Sally and Erica,Radar,Phoebe Burgess,How many COVID cases in SA,ASX,Pete Evans,COVID,Celeste Manno,Robodebt,Candice Warner,2020-11-18,4
Google trending searches,NSW budget,James Harden,Chris Paul,Wrexham FC,NBA trades,Michael J. Fox,Candace Owens,Jrue Holiday,WBBL,Scooter Braun,Sally and Erica,Radar,Phoebe Burgess,How many COVID cases in SA,ASX,Pete Evans,COVID,Celeste Manno,Robodebt,Candice Warner,2020-11-18,5
Google trending searches,NSW budget,James Harden,Chris Paul,Wrexham FC,NBA trades,Michael J. Fox,Candace Owens,Jrue Holiday,WBBL,Scooter Braun,Sally and Erica,Radar,Phoebe Burgess,How many COVID cases in SA,ASX,Pete Evans,COVID,Celeste Manno,Robodebt,Candice Warner,2020-11-18,6
Google trending searches,NSW budget,James Harden,Chris Paul,Wrexham FC,NBA trades,Michael J. Fox,Candace Owens,Jrue Holiday,WBBL,Scooter Braun,Sally and Erica,Radar,Phoebe Burgess,How many COVID cases in SA,ASX,Pete Evans,COVID,Celeste Manno,Robodebt,Candice Warner,2020-11-18,8
Google trending searches,State of Origin Game 3,Croatia vs Portugal,NBA Draft,Spain vs Germany,Mike Tyson,Tesla stock,Sabina Husic,Dolly Parton,Lindsey Graham,NSW budget,James Harden,Scooter Braun,Jrue Holiday,Chris Paul,Candace Owens,Rob McElhenney,Michael J. Fox,The Rock,WBBL,Sally and Erica,2020-11-18,9
Google trending searches,State of Origin Game 3,Tesla share price,Croatia vs Portugal,NBA Draft,Spain vs Germany,Mike Tyson,Sabina Husic,Dolly Parton,Lindsey Graham,CFMEU,NSW Budget,Pete Evans cartoon,James Harden,Scooter Braun,Jrue Holiday,Chris Paul,Candace Owens,Rob McElhenney,Michael J. Fox,The Rock,2020-11-18,10
Google trending searches,Fanny Eaton,State of Origin Game 3,Tesla share price,Croatia vs Portugal,Spain vs Germany,NBA Draft,Woodville Pizza Bar,Mike Tyson,CFMEU,Lindsey Graham,Dolly Parton,Oz Lotto Draw 1396,NSW Budget,Pete Evans cartoon,James Harden,Jrue Holiday,Scooter Braun,Chris Paul,Candace Owens,Rob McElhenney,2020-11-18,11
Google trending searches,Fanny Eaton,State of Origin Game 3,Spain vs Germany,Tesla share price,Croatia vs Portugal,NBA draft,Woodville Pizza Bar,Mike Tyson,Sabina Husic,CFMEU,Lindsey Graham,Dolly Parton,Oz Lotto Draw 1396,NSW budget,James Harden,Pete Evans cartoon,Jrue Holiday,Scooter Braun,Chris Paul,Candace Owens,2020-11-18,12
Google trending searches,Fanny Eaton,State of Origin Game 3,NBA draft,Spain vs Germany,Tesla share price,Croatia vs Portugal,Pete Evans neo-Nazi,Mike Tyson,Sabina Husic,CFMEU,Lindsey Graham,Dolly Parton,Oz Lotto Draw 1396,NSW budget,James Harden,Pete Evans cartoon,Jrue Holiday,Scooter Braun,Woodville Pizza Bar,Chris Paul,2020-11-18,13
Google trending searches,Fanny Eaton,State of Origin Game 3,Spain vs Germany,NBA Draft,Tesla share price,Croatia vs Portugal,Rafael Nadal,UEFA Nations League,Mike Tyson,CFMEU,Sabina Husic,Lindsey Graham,Dolly Parton,Oz Lotto draw 1396,Uruguay vs Brazil,Chris Krebs,Peru vs Argentina,NSW budget,Pete Evans cartoon,James Harden,2020-11-18,14
Google trending searches,State of Origin Game 3,Spain vs Germany,NBA Draft,Tesla share price,Croatia vs Portugal,Rafael Nadal,UEFA Nations League,Mike Tyson,CFMEU,Sabina Husic,Lindsey Graham,Dolly Parton,Beth Harmon,Oz Lotto draw 1396,Peru vs Argentina,Chris Krebs,Uruguay vs Brazil,Ben Watkins,NSW Budget,Pete Evans cartoon,2020-11-18,15
Google trending searches,State of Origin Game 3,Spain vs Germany,NBA Draft,Tesla share price,Rafael Nadal,UEFA Nations League,Croatia vs Portugal,CFMEU,Sabina Husic,France vs Sweden,Face masks,Lindsey Graham,Face masks adelaide,Dolly Parton,Oz Lotto draw 1396,Chris Krebs,Peru vs Argentina,Uruguay vs Brazil,Ben Watkins,Pete Evans neo-Nazi,2020-11-18,16
Google trending searches,Sa lockdown,State of Origin Game 3,Spain vs Germany,NBA Draft,Tesla share price,Rafael Nadal,Pete Evans neo-Nazi,UEFA Nations League,Croatia vs Portugal,Mike Tyson,CFMEU,Sabina Husic,Face masks,France vs Sweden,Lindsey Graham,Dolly Parton,Chris Krebs,Oz Lotto draw 1396,Peru vs Argentina,Uruguay vs Brazil,2020-11-18,17
Google trending searches,SA lockdown,State of Origin Game 3,Spain vs Germany,NBA Draft,UEFA Nations League,Tesla share price,Rafael Nadal,Pete Evans neo-Nazi,CFMEU,Mike Tyson,NAB NEWS,Sabina Husic,Face masks,France vs Sweden,Dolly Parton,Chris Krebs,Oz Lotto draw 1396,Lindsey Graham,Peru vs Argentina,Ben Watkins,2020-11-18,18
Google trending searches,State of Origin Game 3,Spain vs Germany,NBA draft,Face masks,Tesla share price,Rafael Nadal,Pete Evans neo-Nazi,Croatia vs Portugal,NAB news,CFMEU,Mike Tyson,Sabina Husic,Dolly Parton,Chris Krebs,Oz Lotto draw 1396,Peru vs Argentina,Lindsey Graham,Ben Watkins,Uruguay vs Brazil,Bob Arum,2020-11-18,19
Google trending searches,State of Origin Game 3,Spain vs Germany,NBA draft,Bitcoin,Tesla share price,Rafael Nadal,Pete Evans neo-Nazi,Croatia vs Portugal,NAB news,CFMEU,Mike Tyson,Dolly Parton,Sabina Husic,Face masks,Chris Krebs,Oz Lotto draw 1396,Peru vs Argentina,Lindsey Graham,Ben Watkins,Uruguay vs Brazil,2020-11-18,20
Google trending searches,State of Origin Game 3,Spain vs Germany,NBA draft,Bitcoin,Tesla share price,Rafael Nadal,Pete Evans neo-Nazi,Croatia vs Portugal,NAB news,CFMEU,Mike Tyson,Dolly Parton,Sabina Husic,Face masks,Chris Krebs,Oz Lotto draw 1396,Peru vs Argentina,Lindsey Graham,Ben Watkins,Uruguay vs Brazil,2020-11-18,21
Google trending searches,State of Origin Game 3,Spain vs Germany,NBA draft,Bitcoin,Tesla share price,Rafael Nadal,Pete Evans neo-Nazi,Croatia vs Portugal,NAB news,CFMEU,Mike Tyson,Dolly Parton,Sabina Husic,Face masks,Chris Krebs,Oz Lotto draw 1396,Peru vs Argentina,Lindsey Graham,Ben Watkins,Uruguay vs Brazil,2020-11-18,22
Google trending searches,State of Origin Game 3,Spain vs Germany,NBA draft,Tesla share price,Sean Connery,Rafael Nadal,NAB news,Croatia vs Portugal,CFMEU,Dolly Parton,COVID SA update,Mike Tyson,Sabina Husic,Chris Krebs,Ben Watkins,Oz Lotto draw 1396,Peru vs Argentina,Bob Arum,Lindsey Graham,Jackson Williams,2020-11-18,23
Google trending searches,State of Origin Game 3,Spain vs Germany,NBA draft,Tesla share price,Sean Connery,Rafael Nadal,NAB news,Croatia vs Portugal,CFMEU,Dolly Parton,COVID SA update,Mike Tyson,Sabina Husic,Chris Krebs,Ben Watkins,Oz Lotto draw 1396,Peru vs Argentina,Bob Arum,Lindsey Graham,Jackson Williams,2020-11-19,0
Google trending searches,State of Origin Game 3,Spain vs Germany,NBA draft,Tesla share price,Sean Connery,Rafael Nadal,NAB news,Croatia vs Portugal,CFMEU,Dolly Parton,COVID SA update,Mike Tyson,Sabina Husic,Chris Krebs,Ben Watkins,Oz Lotto draw 1396,Peru vs Argentina,Bob Arum,Lindsey Graham,Jackson Williams,2020-11-19,1
Google trending searches,State of Origin Game 3,Spain vs Germany,NBA draft,Tesla share price,Sean Connery,Rafael Nadal,NAB news,Croatia vs Portugal,CFMEU,Dolly Parton,COVID SA update,Mike Tyson,Sabina Husic,Chris Krebs,Ben Watkins,Oz Lotto draw 1396,Peru vs Argentina,Bob Arum,Lindsey Graham,Jackson Williams,2020-11-19,2
Google trending searches,State of Origin Game 3,Spain vs Germany,NBA draft,Tesla share price,Sean Connery,Rafael Nadal,NAB news,Croatia vs Portugal,CFMEU,Dolly Parton,COVID SA update,Mike Tyson,Sabina Husic,Chris Krebs,Ben Watkins,Oz Lotto draw 1396,Peru vs Argentina,Bob Arum,Lindsey Graham,Jackson Williams,2020-11-19,3
Google trending searches,State of Origin Game 3,Spain vs Germany,NBA draft,Tesla share price,Sean Connery,Rafael Nadal,NAB news,Croatia vs Portugal,CFMEU,Dolly Parton,COVID SA update,Mike Tyson,Sabina Husic,Chris Krebs,Ben Watkins,Oz Lotto draw 1396,Peru vs Argentina,Bob Arum,Lindsey Graham,Jackson Williams,2020-11-19,4
Google trending searches,State of Origin Game 3,Spain vs Germany,NBA draft,Tesla share price,Sean Connery,Rafael Nadal,NAB news,Croatia vs Portugal,CFMEU,Dolly Parton,COVID SA update,Mike Tyson,Sabina Husic,Chris Krebs,Ben Watkins,Oz Lotto draw 1396,Peru vs Argentina,Bob Arum,Lindsey Graham,Jackson Williams,2020-11-19,5
Google trending searches,State of Origin Game 3,Spain vs Germany,NBA draft,Tesla share price,Sean Connery,Rafael Nadal,NAB news,Croatia vs Portugal,CFMEU,Dolly Parton,COVID SA update,Mike Tyson,Sabina Husic,Chris Krebs,Ben Watkins,Oz Lotto draw 1396,Peru vs Argentina,Bob Arum,Lindsey Graham,Jackson Williams,2020-11-19,6
Google trending searches,State of Origin Game 3,Spain vs Germany,NBA draft,Tesla share price,Sean Connery,Rafael Nadal,NAB news,Croatia vs Portugal,CFMEU,Dolly Parton,COVID SA update,Mike Tyson,Sabina Husic,Chris Krebs,Ben Watkins,Oz Lotto draw 1396,Peru vs Argentina,Bob Arum,Lindsey Graham,Jackson Williams,2020-11-19,7
Google trending searches,State of Origin Game 3,Spain vs Germany,NBA draft,Tesla share price,Sean Connery,Rafael Nadal,NAB news,Croatia vs Portugal,CFMEU,Dolly Parton,COVID SA update,Mike Tyson,Sabina Husic,Chris Krebs,Ben Watkins,Oz Lotto draw 1396,Peru vs Argentina,Bob Arum,Lindsey Graham,Jackson Williams,2020-11-19,8
Google trending searches,Michael B. Jordan,Novak Djokovic,Vince Reffet,Perth Glory,Fanny Eaton,State of Origin Game 3,NBA draft,Spain vs Germany,Wayne Bennett,Woodville Pizza Bar,UEFA Nations League,Face masks,Bitcoin,Sean Connery,NAB news,Croatia vs Portugal,CFMEU,Dolly Parton,Mike Tyson,Face masks adelaide,2020-11-19,10
