Team,Result,Margin,Toss,Bat,Opposition,Ground,Date
Australia,won,45 runs,won,1st,v England,Melbourne,15 Mar 1877
Australia,lost,4 wickets,won,1st,v England,Melbourne,31 Mar 1877
Australia,won,10 wickets,lost,2nd,v England,Melbourne,2 Jan 1879
Australia,draw,-,lost,2nd,v England,Melbourne,31 Dec 1881
Australia,won,5 wickets,lost,2nd,v England,Sydney,17 Feb 1882
Australia,won,6 wickets,lost,2nd,v England,Sydney,3 Mar 1882
Australia,draw,-,lost,2nd,v England,Melbourne,10 Mar 1882
Australia,won,9 wickets,won,1st,v England,Melbourne,30 Dec 1882
Australia,lost,inns & 27 runs,lost,2nd,v England,Melbourne,19 Jan 1883
Australia,lost,69 runs,lost,2nd,v England,Sydney,26 Jan 1883
Australia,won,4 wickets,lost,2nd,v England,Sydney,17 Feb 1883
Australia,lost,8 wickets,won,1st,v England,Adelaide,12 Dec 1884
Australia,lost,10 wickets,lost,2nd,v England,Melbourne,1 Jan 1885
Australia,won,6 runs,won,1st,v England,Sydney,20 Feb 1885
Australia,won,8 wickets,lost,2nd,v England,Sydney,14 Mar 1885
Australia,lost,inns & 98 runs,won,1st,v England,Melbourne,21 Mar 1885
Australia,lost,13 runs,won,2nd,v England,Sydney,28 Jan 1887
Australia,lost,71 runs,lost,2nd,v England,Sydney,25 Feb 1887
Australia,lost,126 runs,won,2nd,v England,Sydney,10 Feb 1888
Australia,won,54 runs,won,1st,v England,Melbourne,1 Jan 1892
Australia,won,72 runs,won,1st,v England,Sydney,29 Jan 1892
Australia,lost,inns & 230 runs,lost,2nd,v England,Adelaide,24 Mar 1892
Australia,lost,10 runs,won,1st,v England,Sydney,14 Dec 1894
Australia,lost,94 runs,won,2nd,v England,Melbourne,29 Dec 1894
Australia,won,382 runs,won,1st,v England,Adelaide,11 Jan 1895
Australia,won,inns & 147 runs,lost,1st,v England,Sydney,1 Feb 1895
Australia,lost,6 wickets,won,1st,v England,Melbourne,1 Mar 1895
Australia,lost,9 wickets,lost,2nd,v England,Sydney,13 Dec 1897
Australia,won,inns & 55 runs,won,1st,v England,Melbourne,1 Jan 1898
Australia,won,inns & 13 runs,won,1st,v England,Adelaide,14 Jan 1898
Australia,won,8 wickets,won,1st,v England,Melbourne,29 Jan 1898
Australia,won,6 wickets,lost,2nd,v England,Sydney,26 Feb 1898
Australia,lost,inns & 124 runs,lost,2nd,v England,Sydney,13 Dec 1901
Australia,won,229 runs,lost,1st,v England,Melbourne,1 Jan 1902
Australia,won,4 wickets,lost,2nd,v England,Adelaide,17 Jan 1902
Australia,won,7 wickets,lost,2nd,v England,Sydney,14 Feb 1902
Australia,won,32 runs,won,1st,v England,Melbourne,28 Feb 1902
Australia,lost,5 wickets,won,1st,v England,Sydney,11 Dec 1903
Australia,lost,185 runs,lost,2nd,v England,Melbourne,1 Jan 1904
Australia,won,216 runs,won,1st,v England,Adelaide,15 Jan 1904
Australia,lost,157 runs,lost,2nd,v England,Sydney,26 Feb 1904
Australia,won,218 runs,won,1st,v England,Melbourne,5 Mar 1904
Australia,won,2 wickets,lost,2nd,v England,Sydney,13 Dec 1907
Australia,lost,1 wickets,won,1st,v England,Melbourne,1 Jan 1908
Australia,won,245 runs,won,1st,v England,Adelaide,10 Jan 1908
Australia,won,308 runs,won,1st,v England,Melbourne,7 Feb 1908
Australia,won,49 runs,lost,1st,v England,Sydney,21 Feb 1908
Australia,won,inns & 114 runs,won,1st,v South Africa,Sydney,9 Dec 1910
Australia,won,89 runs,won,1st,v South Africa,Melbourne,31 Dec 1910
Australia,lost,38 runs,lost,2nd,v South Africa,Adelaide,7 Jan 1911
Australia,won,530 runs,lost,1st,v South Africa,Melbourne,17 Feb 1911
Australia,won,7 wickets,lost,1st,v South Africa,Sydney,3 Mar 1911
Australia,won,146 runs,won,1st,v England,Sydney,15 Dec 1911
Australia,lost,8 wickets,won,1st,v England,Melbourne,30 Dec 1911
Australia,lost,7 wickets,won,1st,v England,Adelaide,12 Jan 1912
Australia,lost,inns & 225 runs,lost,1st,v England,Melbourne,9 Feb 1912
Australia,lost,70 runs,lost,2nd,v England,Sydney,23 Feb 1912
Australia,won,377 runs,won,1st,v England,Sydney,17 Dec 1920
Australia,won,inns & 91 runs,won,1st,v England,Melbourne,31 Dec 1920
Australia,won,119 runs,won,1st,v England,Adelaide,14 Jan 1921
Australia,won,8 wickets,lost,2nd,v England,Melbourne,11 Feb 1921
Australia,won,9 wickets,lost,2nd,v England,Sydney,25 Feb 1921
Australia,won,193 runs,won,1st,v England,Sydney,19 Dec 1924
Australia,won,81 runs,won,1st,v England,Melbourne,1 Jan 1925
Australia,won,11 runs,won,1st,v England,Adelaide,16 Jan 1925
Australia,lost,inns & 29 runs,lost,2nd,v England,Melbourne,13 Feb 1925
Australia,won,307 runs,won,1st,v England,Sydney,27 Feb 1925
Australia,lost,675 runs,lost,2nd,v England,Brisbane,30 Nov 1928
Australia,lost,8 wickets,won,1st,v England,Sydney,14 Dec 1928
Australia,lost,3 wickets,won,1st,v England,Melbourne,29 Dec 1928
Australia,lost,12 runs,lost,2nd,v England,Adelaide,1 Feb 1929
Australia,won,5 wickets,lost,2nd,v England,Melbourne,8 Mar 1929
Australia,won,10 wickets,lost,2nd,v West Indies,Adelaide,12 Dec 1930
Australia,won,inns & 172 runs,won,1st,v West Indies,Sydney,1 Jan 1931
Australia,won,inns & 217 runs,won,1st,v West Indies,Brisbane,16 Jan 1931
Australia,won,inns & 122 runs,lost,2nd,v West Indies,Melbourne,13 Feb 1931
Australia,lost,30 runs,lost,2nd,v West Indies,Sydney,27 Feb 1931
Australia,won,inns & 163 runs,won,1st,v South Africa,Brisbane,27 Nov 1931
Australia,won,inns & 155 runs,lost,2nd,v South Africa,Sydney,18 Dec 1931
Australia,won,169 runs,won,1st,v South Africa,Melbourne,31 Dec 1931
Australia,won,10 wickets,lost,2nd,v South Africa,Adelaide,29 Jan 1932
Australia,won,inns & 72 runs,lost,2nd,v South Africa,Melbourne,12 Feb 1932
Australia,lost,10 wickets,won,1st,v England,Sydney,2 Dec 1932
Australia,won,111 runs,won,1st,v England,Melbourne,30 Dec 1932
Australia,lost,338 runs,lost,2nd,v England,Adelaide,13 Jan 1933
Australia,lost,6 wickets,won,1st,v England,Brisbane,10 Feb 1933
Australia,lost,8 wickets,won,1st,v England,Sydney,23 Feb 1933
Australia,lost,322 runs,lost,2nd,v England,Brisbane,4 Dec 1936
Australia,lost,inns & 22 runs,lost,2nd,v England,Sydney,18 Dec 1936
Australia,won,365 runs,won,1st,v England,Melbourne,1 Jan 1937
Australia,won,148 runs,won,1st,v England,Adelaide,29 Jan 1937
Australia,won,inns & 200 runs,won,1st,v England,Melbourne,26 Feb 1937
Australia,won,inns & 332 runs,won,1st,v England,Brisbane,29 Nov 1946
Australia,won,inns & 33 runs,lost,2nd,v England,Sydney,13 Dec 1946
Australia,draw,-,won,1st,v England,Melbourne,1 Jan 1947
Australia,draw,-,lost,2nd,v England,Adelaide,31 Jan 1947
Australia,won,5 wickets,lost,2nd,v England,Sydney,28 Feb 1947
Australia,won,inns & 226 runs,won,1st,v India,Brisbane,28 Nov 1947
Australia,draw,-,lost,2nd,v India,Sydney,12 Dec 1947
Australia,won,233 runs,won,1st,v India,Melbourne,1 Jan 1948
Australia,won,inns & 16 runs,won,1st,v India,Adelaide,23 Jan 1948
Australia,won,inns & 177 runs,won,1st,v India,Melbourne,6 Feb 1948
Australia,won,70 runs,won,1st,v England,Brisbane,1 Dec 1950
Australia,won,28 runs,won,1st,v England,Melbourne,22 Dec 1950
Australia,won,inns & 13 runs,lost,2nd,v England,Sydney,5 Jan 1951
Australia,won,274 runs,won,1st,v England,Adelaide,2 Feb 1951
Australia,lost,8 wickets,won,1st,v England,Melbourne,23 Feb 1951
Australia,won,3 wickets,lost,2nd,v West Indies,Brisbane,9 Nov 1951
Australia,won,7 wickets,won,2nd,v West Indies,Sydney,30 Nov 1951
Australia,lost,6 wickets,won,1st,v West Indies,Adelaide,22 Dec 1951
Australia,won,1 wickets,lost,2nd,v West Indies,Melbourne,31 Dec 1951
Australia,won,202 runs,won,1st,v West Indies,Sydney,25 Jan 1952
Australia,won,96 runs,won,1st,v South Africa,Brisbane,5 Dec 1952
Australia,lost,82 runs,lost,2nd,v South Africa,Melbourne,24 Dec 1952
Australia,won,inns & 38 runs,lost,2nd,v South Africa,Sydney,9 Jan 1953
Australia,draw,-,won,1st,v South Africa,Adelaide,24 Jan 1953
Australia,lost,6 wickets,won,1st,v South Africa,Melbourne,6 Feb 1953
Australia,won,inns & 154 runs,lost,1st,v England,Brisbane,26 Nov 1954
Australia,lost,38 runs,won,2nd,v England,Sydney,17 Dec 1954
Australia,lost,128 runs,lost,2nd,v England,Melbourne,31 Dec 1954
Australia,lost,5 wickets,won,1st,v England,Adelaide,28 Jan 1955
Australia,draw,-,won,2nd,v England,Sydney,25 Feb 1955
Australia,won,8 wickets,lost,2nd,v England,Brisbane,5 Dec 1958
Australia,won,8 wickets,lost,2nd,v England,Melbourne,31 Dec 1958
Australia,draw,-,lost,2nd,v England,Sydney,9 Jan 1959
Australia,won,10 wickets,lost,1st,v England,Adelaide,30 Jan 1959
Australia,won,9 wickets,won,2nd,v England,Melbourne,13 Feb 1959
Australia,tied,-,lost,2nd,v West Indies,Brisbane,9 Dec 1960
Australia,won,7 wickets,won,1st,v West Indies,Melbourne,30 Dec 1960
Australia,lost,222 runs,lost,2nd,v West Indies,Sydney,13 Jan 1961
Australia,draw,-,lost,2nd,v West Indies,Adelaide,27 Jan 1961
Australia,won,2 wickets,won,2nd,v West Indies,Melbourne,10 Feb 1961
Australia,draw,-,won,1st,v England,Brisbane,30 Nov 1962
Australia,lost,7 wickets,won,1st,v England,Melbourne,29 Dec 1962
Australia,won,8 wickets,lost,2nd,v England,Sydney,11 Jan 1963
Australia,draw,-,won,1st,v England,Adelaide,25 Jan 1963
Australia,draw,-,lost,2nd,v England,Sydney,15 Feb 1963
Australia,draw,-,won,1st,v South Africa,Brisbane,6 Dec 1963
Australia,won,8 wickets,won,2nd,v South Africa,Melbourne,1 Jan 1964
Australia,draw,-,won,1st,v South Africa,Sydney,10 Jan 1964
Australia,lost,10 wickets,won,1st,v South Africa,Adelaide,24 Jan 1964
Australia,draw,-,lost,1st,v South Africa,Sydney,7 Feb 1964
Australia,draw,-,won,2nd,v Pakistan,Melbourne,4 Dec 1964
Australia,draw,-,won,1st,v England,Brisbane,10 Dec 1965
Australia,draw,-,won,1st,v England,Melbourne,30 Dec 1965
Australia,lost,inns & 93 runs,lost,2nd,v England,Sydney,7 Jan 1966
Australia,won,inns & 9 runs,lost,2nd,v England,Adelaide,28 Jan 1966
Australia,draw,-,lost,2nd,v England,Melbourne,11 Feb 1966
Australia,won,146 runs,won,1st,v India,Adelaide,23 Dec 1967
Australia,won,inns & 4 runs,lost,2nd,v India,Melbourne,30 Dec 1967
Australia,won,39 runs,lost,1st,v India,Brisbane,19 Jan 1968
Australia,won,144 runs,lost,1st,v India,Sydney,26 Jan 1968
Australia,lost,125 runs,lost,2nd,v West Indies,Brisbane,6 Dec 1968
Australia,won,inns & 30 runs,won,2nd,v West Indies,Melbourne,26 Dec 1968
Australia,won,10 wickets,lost,2nd,v West Indies,Sydney,3 Jan 1969
Australia,draw,-,lost,2nd,v West Indies,Adelaide,24 Jan 1969
Australia,won,382 runs,lost,1st,v West Indies,Sydney,14 Feb 1969
Australia,draw,-,won,1st,v England,Brisbane,27 Nov 1970
Australia,draw,-,won,2nd,v England,Perth,11 Dec 1970
Australia,aban,-,lost,1st,v England,Melbourne,31 Dec 1970
Australia,lost,299 runs,lost,2nd,v England,Sydney,9 Jan 1971
Australia,draw,-,won,1st,v England,Melbourne,21 Jan 1971
Australia,draw,-,lost,2nd,v England,Adelaide,29 Jan 1971
Australia,lost,62 runs,won,2nd,v England,Sydney,12 Feb 1971
Australia,won,inns & 114 runs,lost,2nd,v Pakistan,Adelaide,22 Dec 1972
Australia,won,92 runs,won,1st,v Pakistan,Melbourne,29 Dec 1972
Australia,won,52 runs,lost,1st,v Pakistan,Sydney,6 Jan 1973
Australia,won,inns & 25 runs,won,1st,v New Zealand,Melbourne,29 Dec 1973
Australia,draw,-,won,2nd,v New Zealand,Sydney,5 Jan 1974
Australia,won,inns & 57 runs,won,1st,v New Zealand,Adelaide,26 Jan 1974
Australia,won,166 runs,won,1st,v England,Brisbane,29 Nov 1974
Australia,won,9 wickets,won,2nd,v England,Perth,13 Dec 1974
Australia,draw,-,won,2nd,v England,Melbourne,26 Dec 1974
Australia,won,171 runs,won,1st,v England,Sydney,4 Jan 1975
Australia,won,163 runs,lost,1st,v England,Adelaide,25 Jan 1975
Australia,lost,inns & 4 runs,won,1st,v England,Melbourne,8 Feb 1975
Australia,won,8 wickets,lost,2nd,v West Indies,Brisbane,28 Nov 1975
Australia,lost,inns & 87 runs,won,1st,v West Indies,Perth,12 Dec 1975
Australia,won,8 wickets,won,2nd,v West Indies,Melbourne,26 Dec 1975
Australia,won,7 wickets,won,2nd,v West Indies,Sydney,3 Jan 1976
Australia,won,190 runs,won,1st,v West Indies,Adelaide,23 Jan 1976
Australia,won,165 runs,won,1st,v West Indies,Melbourne,31 Jan 1976
Australia,draw,-,lost,2nd,v Pakistan,Adelaide,24 Dec 1976
Australia,won,348 runs,won,1st,v Pakistan,Melbourne,1 Jan 1977
Australia,lost,8 wickets,won,1st,v Pakistan,Sydney,14 Jan 1977
Australia,won,45 runs,lost,1st,v England,Melbourne,12 Mar 1977
Australia,won,16 runs,won,1st,v India,Brisbane,2 Dec 1977
Australia,won,2 wickets,lost,2nd,v India,Perth,16 Dec 1977
Australia,lost,222 runs,lost,2nd,v India,Melbourne,30 Dec 1977
Australia,lost,inns & 2 runs,won,1st,v India,Sydney,7 Jan 1978
Australia,won,47 runs,won,1st,v India,Adelaide,28 Jan 1978
Australia,lost,7 wickets,won,1st,v England,Brisbane,1 Dec 1978
Australia,lost,166 runs,won,2nd,v England,Perth,15 Dec 1978
Australia,won,103 runs,won,1st,v England,Melbourne,29 Dec 1978
Australia,lost,93 runs,lost,2nd,v England,Sydney,6 Jan 1979
Australia,lost,205 runs,won,2nd,v England,Adelaide,27 Jan 1979
Australia,lost,9 wickets,won,1st,v England,Sydney,10 Feb 1979
Australia,lost,71 runs,won,2nd,v Pakistan,Melbourne,10 Mar 1979
Australia,won,7 wickets,won,2nd,v Pakistan,Perth,24 Mar 1979
Australia,draw,-,lost,1st,v West Indies,Brisbane,1 Dec 1979
Australia,won,138 runs,lost,1st,v England,Perth,14 Dec 1979
Australia,lost,10 wickets,won,1st,v West Indies,Melbourne,29 Dec 1979
Australia,won,6 wickets,won,2nd,v England,Sydney,4 Jan 1980
Australia,lost,408 runs,won,2nd,v West Indies,Adelaide,26 Jan 1980
Australia,won,8 wickets,lost,2nd,v England,Melbourne,1 Feb 1980
Australia,won,10 wickets,won,2nd,v New Zealand,Brisbane,28 Nov 1980
Australia,won,8 wickets,won,2nd,v New Zealand,Perth,12 Dec 1980
Australia,draw,-,lost,1st,v New Zealand,Melbourne,26 Dec 1980
Australia,won,inns & 4 runs,lost,2nd,v India,Sydney,2 Jan 1981
Australia,draw,-,lost,1st,v India,Adelaide,23 Jan 1981
Australia,lost,59 runs,won,2nd,v India,Melbourne,7 Feb 1981
Australia,won,286 runs,lost,1st,v Pakistan,Perth,13 Nov 1981
Australia,won,10 wickets,won,2nd,v Pakistan,Brisbane,27 Nov 1981
Australia,lost,inns & 82 runs,lost,2nd,v Pakistan,Melbourne,11 Dec 1981
Australia,won,58 runs,won,1st,v West Indies,Melbourne,26 Dec 1981
Australia,draw,-,lost,2nd,v West Indies,Sydney,2 Jan 1982
Australia,lost,5 wickets,lost,1st,v West Indies,Adelaide,30 Jan 1982
Australia,draw,-,won,2nd,v England,Perth,12 Nov 1982
Australia,won,7 wickets,won,2nd,v England,Brisbane,26 Nov 1982
Australia,won,8 wickets,lost,1st,v England,Adelaide,10 Dec 1982
Australia,lost,3 runs,won,2nd,v England,Melbourne,26 Dec 1982
Australia,draw,-,won,1st,v England,Sydney,2 Jan 1983
Australia,won,inns & 9 runs,lost,1st,v Pakistan,Perth,11 Nov 1983
Australia,draw,-,lost,2nd,v Pakistan,Brisbane,25 Nov 1983
Australia,draw,-,won,1st,v Pakistan,Adelaide,9 Dec 1983
Australia,draw,-,lost,2nd,v Pakistan,Melbourne,26 Dec 1983
Australia,won,10 wickets,won,2nd,v Pakistan,Sydney,2 Jan 1984
Australia,lost,inns & 112 runs,won,2nd,v West Indies,Perth,9 Nov 1984
Australia,lost,8 wickets,lost,1st,v West Indies,Brisbane,23 Nov 1984
Australia,lost,191 runs,lost,2nd,v West Indies,Adelaide,7 Dec 1984
Australia,draw,-,won,2nd,v West Indies,Melbourne,22 Dec 1984
Australia,won,inns & 55 runs,won,1st,v West Indies,Sydney,30 Dec 1984
Australia,lost,inns & 41 runs,lost,1st,v New Zealand,Brisbane,8 Nov 1985
Australia,won,4 wickets,won,2nd,v New Zealand,Sydney,22 Nov 1985
Australia,lost,6 wickets,lost,1st,v New Zealand,Perth,30 Nov 1985
Australia,draw,-,won,1st,v India,Adelaide,13 Dec 1985
Australia,draw,-,lost,1st,v India,Melbourne,26 Dec 1985
Australia,draw,-,lost,2nd,v India,Sydney,2 Jan 1986
Australia,lost,7 wickets,won,2nd,v England,Brisbane,14 Nov 1986
Australia,draw,-,lost,2nd,v England,Perth,28 Nov 1986
Australia,draw,-,won,1st,v England,Adelaide,12 Dec 1986
Australia,lost,inns & 14 runs,lost,1st,v England,Melbourne,26 Dec 1986
Australia,won,55 runs,won,1st,v England,Sydney,10 Jan 1987
Australia,won,9 wickets,won,2nd,v New Zealand,Brisbane,4 Dec 1987
Australia,draw,-,lost,2nd,v New Zealand,Adelaide,11 Dec 1987
Australia,draw,-,won,2nd,v New Zealand,Melbourne,26 Dec 1987
Australia,draw,-,lost,2nd,v England,Sydney,29 Jan 1988
Australia,won,inns & 108 runs,won,1st,v Sri Lanka,Perth,12 Feb 1988
Australia,lost,9 wickets,won,1st,v West Indies,Brisbane,18 Nov 1988
Australia,lost,169 runs,won,2nd,v West Indies,Perth,2 Dec 1988
Australia,lost,285 runs,won,2nd,v West Indies,Melbourne,24 Dec 1988
Australia,won,7 wickets,lost,2nd,v West Indies,Sydney,26 Jan 1989
Australia,draw,-,won,1st,v West Indies,Adelaide,3 Feb 1989
Australia,draw,-,lost,1st,v New Zealand,Perth,24 Nov 1989
Australia,draw,-,lost,1st,v Sri Lanka,Brisbane,8 Dec 1989
Australia,won,173 runs,lost,1st,v Sri Lanka,Hobart,16 Dec 1989
Australia,won,92 runs,lost,1st,v Pakistan,Melbourne,12 Jan 1990
Australia,draw,-,lost,2nd,v Pakistan,Adelaide,19 Jan 1990
Australia,draw,-,won,2nd,v Pakistan,Sydney,3 Feb 1990
Australia,won,10 wickets,won,2nd,v England,Brisbane,23 Nov 1990
Australia,won,8 wickets,lost,2nd,v England,Melbourne,26 Dec 1990
Australia,draw,-,won,1st,v England,Sydney,4 Jan 1991
Australia,draw,-,won,1st,v England,Adelaide,25 Jan 1991
Australia,won,9 wickets,lost,2nd,v England,Perth,1 Feb 1991
Australia,won,10 wickets,won,2nd,v India,Brisbane,29 Nov 1991
Australia,won,8 wickets,lost,2nd,v India,Melbourne,26 Dec 1991
Australia,draw,-,lost,1st,v India,Sydney,2 Jan 1992
Australia,won,38 runs,lost,1st,v India,Adelaide,25 Jan 1992
Australia,won,300 runs,won,1st,v India,Perth,1 Feb 1992
Australia,draw,-,won,1st,v West Indies,Brisbane,27 Nov 1992
Australia,won,139 runs,won,1st,v West Indies,Melbourne,26 Dec 1992
Australia,draw,-,won,1st,v West Indies,Sydney,2 Jan 1993
Australia,lost,1 runs,lost,2nd,v West Indies,Adelaide,23 Jan 1993
Australia,lost,inns & 25 runs,won,1st,v West Indies,Perth,30 Jan 1993
Australia,draw,-,lost,1st,v New Zealand,Perth,12 Nov 1993
Australia,won,inns & 222 runs,won,1st,v New Zealand,Hobart,26 Nov 1993
Australia,won,inns & 96 runs,lost,2nd,v New Zealand,Brisbane,3 Dec 1993
Australia,draw,-,won,1st,v South Africa,Melbourne,26 Dec 1993
Australia,lost,5 runs,lost,2nd,v South Africa,Sydney,2 Jan 1994
Australia,won,191 runs,won,1st,v South Africa,Adelaide,28 Jan 1994
Australia,won,184 runs,won,1st,v England,Brisbane,25 Nov 1994
Australia,won,295 runs,lost,1st,v England,Melbourne,24 Dec 1994
Australia,draw,-,lost,2nd,v England,Sydney,1 Jan 1995
Australia,lost,106 runs,lost,2nd,v England,Adelaide,26 Jan 1995
Australia,won,329 runs,won,1st,v England,Perth,3 Feb 1995
Australia,won,inns & 126 runs,won,1st,v Pakistan,Brisbane,9 Nov 1995
Australia,won,155 runs,won,1st,v Pakistan,Hobart,17 Nov 1995
Australia,lost,74 runs,lost,2nd,v Pakistan,Sydney,30 Nov 1995
Australia,won,inns & 36 runs,lost,2nd,v Sri Lanka,Perth,8 Dec 1995
Australia,won,10 wickets,lost,1st,v Sri Lanka,Melbourne,26 Dec 1995
Australia,won,148 runs,won,1st,v Sri Lanka,Adelaide,25 Jan 1996
Australia,won,123 runs,lost,1st,v West Indies,Brisbane,22 Nov 1996
Australia,won,124 runs,won,1st,v West Indies,Sydney,29 Nov 1996
Australia,lost,6 wickets,won,1st,v West Indies,Melbourne,26 Dec 1996
Australia,won,inns & 183 runs,lost,2nd,v West Indies,Adelaide,25 Jan 1997
Australia,lost,10 wickets,won,1st,v West Indies,Perth,1 Feb 1997
Australia,won,186 runs,lost,1st,v New Zealand,Brisbane,7 Nov 1997
Australia,won,inns & 70 runs,lost,2nd,v New Zealand,Perth,20 Nov 1997
Australia,draw,-,won,1st,v New Zealand,Hobart,27 Nov 1997
Australia,draw,-,won,1st,v South Africa,Melbourne,26 Dec 1997
Australia,won,inns & 21 runs,lost,2nd,v South Africa,Sydney,2 Jan 1998
Australia,draw,-,lost,2nd,v South Africa,Adelaide,30 Jan 1998
Australia,draw,-,won,1st,v England,Brisbane,20 Nov 1998
Australia,won,7 wickets,won,2nd,v England,Perth,28 Nov 1998
Australia,won,205 runs,won,1st,v England,Adelaide,11 Dec 1998
Australia,lost,12 runs,won,2nd,v England,Melbourne,26 Dec 1998
Australia,won,98 runs,won,1st,v England,Sydney,2 Jan 1999
Australia,won,10 wickets,won,2nd,v Pakistan,Brisbane,5 Nov 1999
Australia,won,4 wickets,won,2nd,v Pakistan,Hobart,18 Nov 1999
Australia,won,inns & 20 runs,lost,2nd,v Pakistan,Perth,26 Nov 1999
Australia,won,285 runs,won,1st,v India,Adelaide,10 Dec 1999
Australia,won,180 runs,lost,1st,v India,Melbourne,26 Dec 1999
Australia,won,inns & 141 runs,lost,2nd,v India,Sydney,2 Jan 2000
Australia,won,inns & 126 runs,won,2nd,v West Indies,Brisbane,23 Nov 2000
Australia,won,inns & 27 runs,won,2nd,v West Indies,Perth,1 Dec 2000
Australia,won,5 wickets,lost,2nd,v West Indies,Adelaide,15 Dec 2000
Australia,won,352 runs,lost,1st,v West Indies,Melbourne,26 Dec 2000
Australia,won,6 wickets,lost,2nd,v West Indies,Sydney,2 Jan 2001
Australia,draw,-,lost,1st,v New Zealand,Brisbane,8 Nov 2001
Australia,draw,-,lost,1st,v New Zealand,Hobart,22 Nov 2001
Australia,draw,-,lost,2nd,v New Zealand,Perth,30 Nov 2001
Australia,won,246 runs,won,1st,v South Africa,Adelaide,14 Dec 2001
Australia,won,9 wickets,won,2nd,v South Africa,Melbourne,26 Dec 2001
Australia,won,10 wickets,won,1st,v South Africa,Sydney,2 Jan 2002
Australia,won,384 runs,lost,1st,v England,Brisbane,7 Nov 2002
Australia,won,inns & 51 runs,lost,2nd,v England,Adelaide,21 Nov 2002
Australia,won,inns & 48 runs,lost,2nd,v England,Perth,29 Nov 2002
Australia,won,5 wickets,won,1st,v England,Melbourne,26 Dec 2002
Australia,lost,225 runs,lost,2nd,v England,Sydney,2 Jan 2003
Australia,won,inns & 132 runs,won,2nd,v Bangladesh,Darwin,18 Jul 2003
Australia,won,inns & 98 runs,won,2nd,v Bangladesh,Cairns,25 Jul 2003
Australia,won,inns & 175 runs,lost,1st,v Zimbabwe,Perth,9 Oct 2003
Australia,won,9 wickets,lost,2nd,v Zimbabwe,Sydney,17 Oct 2003
Australia,draw,-,lost,1st,v India,Brisbane,4 Dec 2003
Australia,lost,4 wickets,won,1st,v India,Adelaide,12 Dec 2003
Australia,won,9 wickets,lost,2nd,v India,Melbourne,26 Dec 2003
Australia,draw,-,lost,2nd,v India,Sydney,2 Jan 2004
Australia,won,149 runs,lost,1st,v Sri Lanka,Darwin,1 Jul 2004
Australia,draw,-,lost,1st,v Sri Lanka,Cairns,9 Jul 2004
Australia,won,inns & 156 runs,lost,2nd,v New Zealand,Brisbane,18 Nov 2004
Australia,won,213 runs,won,1st,v New Zealand,Adelaide,26 Nov 2004
Australia,won,491 runs,lost,1st,v Pakistan,Perth,16 Dec 2004
Australia,won,9 wickets,lost,2nd,v Pakistan,Melbourne,26 Dec 2004
Australia,won,9 wickets,lost,2nd,v Pakistan,Sydney,2 Jan 2005
Australia,won,210 runs,won,1st,v ICC World XI,Sydney,14 Oct 2005
Australia,won,379 runs,lost,1st,v West Indies,Brisbane,3 Nov 2005
Australia,won,9 wickets,lost,2nd,v West Indies,Hobart,17 Nov 2005
Australia,won,7 wickets,lost,2nd,v West Indies,Adelaide,25 Nov 2005
Australia,draw,-,won,1st,v South Africa,Perth,16 Dec 2005
Australia,won,184 runs,won,1st,v South Africa,Melbourne,26 Dec 2005
Australia,won,8 wickets,lost,2nd,v South Africa,Sydney,2 Jan 2006
Australia,won,277 runs,won,1st,v England,Brisbane,23 Nov 2006
Australia,won,6 wickets,lost,2nd,v England,Adelaide,1 Dec 2006
Australia,won,206 runs,won,1st,v England,Perth,14 Dec 2006
Australia,won,inns & 99 runs,lost,2nd,v England,Melbourne,26 Dec 2006
Australia,won,10 wickets,lost,2nd,v England,Sydney,2 Jan 2007
Australia,won,inns & 40 runs,lost,1st,v Sri Lanka,Brisbane,8 Nov 2007
Australia,won,96 runs,won,1st,v Sri Lanka,Hobart,16 Nov 2007
Australia,won,337 runs,won,1st,v India,Melbourne,26 Dec 2007
Australia,won,122 runs,won,1st,v India,Sydney,2 Jan 2008
Australia,lost,72 runs,lost,2nd,v India,Perth,16 Jan 2008
Australia,draw,-,lost,2nd,v India,Adelaide,24 Jan 2008
Australia,won,149 runs,lost,1st,v New Zealand,Brisbane,20 Nov 2008
Australia,won,inns & 62 runs,lost,2nd,v New Zealand,Adelaide,28 Nov 2008
Australia,lost,6 wickets,won,1st,v South Africa,Perth,17 Dec 2008
Australia,lost,9 wickets,won,1st,v South Africa,Melbourne,26 Dec 2008
Australia,won,103 runs,won,1st,v South Africa,Sydney,3 Jan 2009
Australia,won,inns & 65 runs,won,1st,v West Indies,Brisbane,26 Nov 2009
Australia,draw,-,lost,2nd,v West Indies,Adelaide,4 Dec 2009
Australia,won,35 runs,won,1st,v West Indies,Perth,16 Dec 2009
Australia,won,170 runs,won,1st,v Pakistan,Melbourne,26 Dec 2009
Australia,won,36 runs,won,1st,v Pakistan,Sydney,3 Jan 2010
Australia,won,231 runs,won,1st,v Pakistan,Hobart,14 Jan 2010
Australia,draw,-,lost,2nd,v England,Brisbane,25 Nov 2010
Australia,lost,inns & 71 runs,won,1st,v England,Adelaide,3 Dec 2010
Australia,won,267 runs,lost,1st,v England,Perth,16 Dec 2010
Australia,lost,inns & 157 runs,lost,1st,v England,Melbourne,26 Dec 2010
Australia,lost,inns & 83 runs,won,1st,v England,Sydney,3 Jan 2011
Australia,won,9 wickets,lost,2nd,v New Zealand,Brisbane,1 Dec 2011
Australia,lost,7 runs,won,2nd,v New Zealand,Hobart,9 Dec 2011
Australia,won,122 runs,won,1st,v India,Melbourne,26 Dec 2011
Australia,won,inns & 68 runs,lost,2nd,v India,Sydney,3 Jan 2012
Australia,won,inns & 37 runs,won,2nd,v India,Perth,13 Jan 2012
Australia,won,298 runs,won,1st,v India,Adelaide,24 Jan 2012
Australia,draw,-,lost,2nd,v South Africa,Brisbane,9 Nov 2012
Australia,draw,-,won,1st,v South Africa,Adelaide,22 Nov 2012
Australia,lost,309 runs,lost,2nd,v South Africa,Perth,30 Nov 2012
Australia,won,137 runs,won,1st,v Sri Lanka,Hobart,14 Dec 2012
Australia,won,inns & 201 runs,lost,2nd,v Sri Lanka,Melbourne,26 Dec 2012
Australia,won,5 wickets,won,2nd,v Sri Lanka,Sydney,3 Jan 2013
Australia,won,381 runs,won,1st,v England,Brisbane,21 Nov 2013
Australia,won,218 runs,won,1st,v England,Adelaide,5 Dec 2013
Australia,won,150 runs,won,1st,v England,Perth,13 Dec 2013
Australia,won,8 wickets,won,2nd,v England,Melbourne,26 Dec 2013
Australia,won,281 runs,lost,1st,v England,Sydney,3 Jan 2014
Australia,won,48 runs,won,1st,v India,Adelaide,9 Dec 2014
Australia,won,4 wickets,lost,2nd,v India,Brisbane,17 Dec 2014
Australia,draw,-,won,1st,v India,Melbourne,26 Dec 2014
Australia,draw,-,won,1st,v India,Sydney,6 Jan 2015
Australia,won,208 runs,won,1st,v New Zealand,Brisbane,5 Nov 2015
Australia,draw,-,won,1st,v New Zealand,Perth,13 Nov 2015
Australia,won,3 wickets,lost,2nd,v New Zealand,Adelaide,27 Nov 2015
Australia,won,inns & 212 runs,won,1st,v West Indies,Hobart,10 Dec 2015
Australia,won,177 runs,lost,1st,v West Indies,Melbourne,26 Dec 2015
Australia,draw,-,lost,2nd,v West Indies,Sydney,3 Jan 2016
Australia,lost,177 runs,lost,2nd,v South Africa,Perth,3 Nov 2016
Australia,lost,inns & 80 runs,lost,1st,v South Africa,Hobart,12 Nov 2016
Australia,won,7 wickets,lost,2nd,v South Africa,Adelaide,24 Nov 2016
Australia,won,39 runs,won,1st,v Pakistan,Brisbane,15 Dec 2016
Australia,won,inns & 18 runs,lost,2nd,v Pakistan,Melbourne,26 Dec 2016
Australia,won,220 runs,won,1st,v Pakistan,Sydney,3 Jan 2017
Australia,won,10 wickets,lost,2nd,v England,Brisbane,23 Nov 2017
Australia,won,120 runs,lost,1st,v England,Adelaide,2 Dec 2017
Australia,won,inns & 41 runs,lost,2nd,v England,Perth,14 Dec 2017
Australia,draw,-,won,1st,v England,Melbourne,26 Dec 2017
Australia,won,inns & 123 runs,lost,2nd,v England,Sydney,4 Jan 2018
Australia,lost,31 runs,lost,2nd,v India,Adelaide,6 Dec 2018
Australia,won,146 runs,won,1st,v India,Perth,14 Dec 2018
Australia,lost,137 runs,lost,2nd,v India,Melbourne,26 Dec 2018
Australia,draw,-,lost,2nd,v India,Sydney,3 Jan 2019
Australia,won,inns & 40 runs,lost,2nd,v Sri Lanka,Brisbane,24 Jan 2019
Australia,won,366 runs,won,1st,v Sri Lanka,Canberra,1 Feb 2019
Australia,won,inns & 5 runs,lost,2nd,v Pakistan,Brisbane,21 Nov 2019
Australia,won,inns & 48 runs,won,1st,v Pakistan,Adelaide,29 Nov 2019
Australia,won,296 runs,won,1st,v New Zealand,Perth,12 Dec 2019
Australia,won,247 runs,lost,1st,v New Zealand,Melbourne,26 Dec 2019
Australia,won,279 runs,won,1st,v New Zealand,Sydney,3 Jan 2020
