Season,Team,W,L
2018-19,Boston Celtics,49,33
2018-19,Utah Jazz,50,32
2018-19,Milwaukee Bucks,60,22
2018-19,Portland Trail Blazers,53,29
2018-19,Minnesota Timberwolves,36,46
2018-19,New Orleans Pelicans,33,49
2018-19,Cleveland Cavaliers,19,63
2018-19,Los Angeles Lakers,37,45
2018-19,New York Knicks,17,65
2018-19,Los Angeles Clippers,48,34
2018-19,Phoenix Suns,19,63
2018-19,Brooklyn Nets,42,40
2018-19,Sacramento Kings,39,43
2018-19,Golden State Warriors,57,25
2018-19,Houston Rockets,53,29
2018-19,San Antonio Spurs,48,34
2018-19,Dallas Mavericks,33,49
2018-19,Philadelphia 76ers,51,31
2018-19,Toronto Raptors,58,24
2018-19,Oklahoma City Thunder,49,33
2018-19,Memphis Grizzlies,33,49
2018-19,Indiana Pacers,48,34
2018-19,Atlanta Hawks,29,53
2018-19,Chicago Bulls,22,60
2018-19,Miami Heat,39,43
2018-19,Orlando Magic,42,40
2018-19,Charlotte Hornets,39,43
2018-19,Detroit Pistons,41,41
2018-19,Washington Wizards,32,50
2018-19,Denver Nuggets,54,28
2017-18,Boston Celtics,55,27
2017-18,Sacramento Kings,27,55
2017-18,Chicago Bulls,27,55
2017-18,Toronto Raptors,59,23
2017-18,Indiana Pacers,48,34
2017-18,Philadelphia 76ers,52,30
2017-18,Dallas Mavericks,24,58
2017-18,Oklahoma City Thunder,48,34
2017-18,Houston Rockets,65,17
2017-18,Miami Heat,44,38
2017-18,Milwaukee Bucks,44,38
2017-18,Golden State Warriors,58,24
2017-18,Orlando Magic,25,57
2017-18,Denver Nuggets,46,36
2017-18,Minnesota Timberwolves,47,35
2017-18,Charlotte Hornets,36,46
2017-18,Brooklyn Nets,28,54
2017-18,Phoenix Suns,21,61
2017-18,Utah Jazz,48,34
2017-18,Los Angeles Clippers,42,40
2017-18,Washington Wizards,43,39
2017-18,Detroit Pistons,39,43
2017-18,New York Knicks,29,53
2017-18,Los Angeles Lakers,35,47
2017-18,Memphis Grizzlies,22,60
2017-18,Atlanta Hawks,24,58
2017-18,Portland Trail Blazers,49,33
2017-18,Cleveland Cavaliers,50,32
2017-18,San Antonio Spurs,47,35
2017-18,New Orleans Pelicans,48,34
2016-17,Minnesota Timberwolves,31,51
2016-17,New Orleans Pelicans,34,48
2016-17,Miami Heat,41,41
2016-17,Los Angeles Clippers,51,31
2016-17,San Antonio Spurs,61,21
2016-17,Golden State Warriors,67,15
2016-17,Dallas Mavericks,33,49
2016-17,Orlando Magic,29,53
2016-17,Philadelphia 76ers,28,54
2016-17,Portland Trail Blazers,41,41
2016-17,Chicago Bulls,41,41
2016-17,Charlotte Hornets,36,46
2016-17,Denver Nuggets,40,42
2016-17,Oklahoma City Thunder,47,35
2016-17,Phoenix Suns,24,58
2016-17,Washington Wizards,49,33
2016-17,Milwaukee Bucks,42,40
2016-17,Atlanta Hawks,43,39
2016-17,Detroit Pistons,37,45
2016-17,Boston Celtics,53,29
2016-17,Houston Rockets,55,27
2016-17,Brooklyn Nets,20,62
2016-17,Sacramento Kings,32,50
2016-17,New York Knicks,31,51
2016-17,Los Angeles Lakers,26,56
2016-17,Memphis Grizzlies,43,39
2016-17,Toronto Raptors,51,31
2016-17,Indiana Pacers,42,40
2016-17,Cleveland Cavaliers,51,31
2016-17,Utah Jazz,51,31
2015-16,Cleveland Cavaliers,57,25
2015-16,New York Knicks,32,50
2015-16,New Orleans Pelicans,30,52
2015-16,Indiana Pacers,45,37
2015-16,Sacramento Kings,33,49
2015-16,Washington Wizards,41,41
2015-16,Phoenix Suns,23,59
2015-16,Denver Nuggets,33,49
2015-16,Oklahoma City Thunder,55,27
2015-16,Atlanta Hawks,48,34
2015-16,Memphis Grizzlies,42,40
2015-16,Detroit Pistons,44,38
2015-16,Milwaukee Bucks,33,49
2015-16,Portland Trail Blazers,44,38
2015-16,Orlando Magic,35,47
2015-16,Boston Celtics,48,34
2015-16,Golden State Warriors,73,9
2015-16,Brooklyn Nets,21,61
2015-16,Miami Heat,48,34
2015-16,San Antonio Spurs,67,15
2015-16,Los Angeles Clippers,53,29
2015-16,Toronto Raptors,56,26
2015-16,Houston Rockets,41,41
2015-16,Minnesota Timberwolves,29,53
2015-16,Dallas Mavericks,42,40
2015-16,Chicago Bulls,42,40
2015-16,Utah Jazz,40,42
2015-16,Los Angeles Lakers,17,65
2015-16,Philadelphia 76ers,10,72
2015-16,Charlotte Hornets,48,34
2014-15,Denver Nuggets,30,52
2014-15,Oklahoma City Thunder,45,37
2014-15,Atlanta Hawks,60,22
2014-15,Utah Jazz,38,44
2014-15,Indiana Pacers,38,44
2014-15,San Antonio Spurs,55,27
2014-15,Brooklyn Nets,38,44
2014-15,Golden State Warriors,67,15
2014-15,Portland Trail Blazers,51,31
2014-15,Houston Rockets,56,26
2014-15,Philadelphia 76ers,18,64
2014-15,Memphis Grizzlies,55,27
2014-15,Cleveland Cavaliers,53,29
2014-15,New York Knicks,17,65
2014-15,Los Angeles Lakers,21,61
2014-15,Chicago Bulls,50,32
2014-15,Toronto Raptors,49,33
2014-15,Boston Celtics,40,42
2014-15,Minnesota Timberwolves,16,66
2014-15,Miami Heat,37,45
2014-15,Los Angeles Clippers,56,26
2014-15,Dallas Mavericks,50,32
2014-15,Phoenix Suns,39,43
2014-15,Charlotte Hornets,33,49
2014-15,Milwaukee Bucks,41,41
2014-15,Detroit Pistons,32,50
2014-15,Washington Wizards,46,36
2014-15,New Orleans Pelicans,45,37
2014-15,Sacramento Kings,29,53
2014-15,Orlando Magic,25,57
2013-14,Los Angeles Clippers,57,25
2013-14,Minnesota Timberwolves,40,42
2013-14,Brooklyn Nets,44,38
2013-14,Phoenix Suns,48,34
2013-14,New Orleans Pelicans,34,48
2013-14,Milwaukee Bucks,15,67
2013-14,New York Knicks,37,45
2013-14,San Antonio Spurs,62,20
2013-14,Oklahoma City Thunder,59,23
2013-14,Portland Trail Blazers,54,28
2013-14,Los Angeles Lakers,27,55
2013-14,Utah Jazz,25,57
2013-14,Golden State Warriors,51,31
2013-14,Sacramento Kings,28,54
2013-14,Boston Celtics,25,57
2013-14,Charlotte Bobcats,43,39
2013-14,Orlando Magic,23,59
2013-14,Detroit Pistons,29,53
2013-14,Houston Rockets,54,28
2013-14,Philadelphia 76ers,19,63
2013-14,Dallas Mavericks,49,33
2013-14,Atlanta Hawks,38,44
2013-14,Miami Heat,54,28
2013-14,Washington Wizards,44,38
2013-14,Toronto Raptors,48,34
2013-14,Chicago Bulls,48,34
2013-14,Memphis Grizzlies,50,32
2013-14,Denver Nuggets,36,46
2013-14,Indiana Pacers,56,26
2013-14,Cleveland Cavaliers,33,49
2012-13,Minnesota Timberwolves,31,51
2012-13,Philadelphia 76ers,34,48
2012-13,Charlotte Bobcats,21,61
2012-13,Orlando Magic,20,62
2012-13,New York Knicks,54,28
2012-13,Memphis Grizzlies,56,26
2012-13,Cleveland Cavaliers,24,58
2012-13,Portland Trail Blazers,33,49
2012-13,Toronto Raptors,34,48
2012-13,Chicago Bulls,45,37
2012-13,Dallas Mavericks,41,41
2012-13,Los Angeles Clippers,56,26
2012-13,Sacramento Kings,28,54
2012-13,Miami Heat,66,16
2012-13,Boston Celtics,41,40
2012-13,Los Angeles Lakers,45,37
2012-13,Golden State Warriors,47,35
2012-13,Denver Nuggets,57,25
2012-13,Utah Jazz,43,39
2012-13,Detroit Pistons,29,53
2012-13,New Orleans Hornets,27,55
2012-13,Houston Rockets,45,37
2012-13,Washington Wizards,29,53
2012-13,Milwaukee Bucks,38,44
2012-13,San Antonio Spurs,58,24
2012-13,Indiana Pacers,49,32
2012-13,Brooklyn Nets,49,33
2012-13,Oklahoma City Thunder,60,22
2012-13,Phoenix Suns,25,57
2012-13,Atlanta Hawks,44,38
2011-12,Los Angeles Lakers,41,25
2011-12,Detroit Pistons,25,41
2011-12,Chicago Bulls,50,16
2011-12,Cleveland Cavaliers,21,45
2011-12,Minnesota Timberwolves,26,40
2011-12,Denver Nuggets,38,28
2011-12,Indiana Pacers,42,24
2011-12,Atlanta Hawks,40,26
2011-12,Utah Jazz,36,30
2011-12,New Orleans Hornets,21,45
2011-12,Miami Heat,46,20
2011-12,Washington Wizards,20,46
2011-12,Oklahoma City Thunder,47,19
2011-12,Boston Celtics,39,27
2011-12,Milwaukee Bucks,31,35
2011-12,Portland Trail Blazers,28,38
2011-12,Orlando Magic,37,29
2011-12,Charlotte Bobcats,7,59
2011-12,Memphis Grizzlies,41,25
2011-12,Dallas Mavericks,36,30
2011-12,New Jersey Nets,22,44
2011-12,Golden State Warriors,23,43
2011-12,Los Angeles Clippers,40,26
2011-12,Toronto Raptors,23,43
2011-12,New York Knicks,36,30
2011-12,San Antonio Spurs,50,16
2011-12,Phoenix Suns,33,33
2011-12,Sacramento Kings,22,44
2011-12,Houston Rockets,34,32
2011-12,Philadelphia 76ers,35,31
2010-11,Oklahoma City Thunder,55,27
2010-11,Atlanta Hawks,44,38
2010-11,Charlotte Bobcats,34,48
2010-11,Minnesota Timberwolves,17,65
2010-11,Phoenix Suns,40,42
2010-11,Washington Wizards,23,59
2010-11,Boston Celtics,56,26
2010-11,Orlando Magic,52,30
2010-11,Golden State Warriors,36,46
2010-11,Los Angeles Clippers,32,50
2010-11,Detroit Pistons,30,52
2010-11,Houston Rockets,43,39
2010-11,Milwaukee Bucks,35,47
2010-11,Philadelphia 76ers,41,41
2010-11,Portland Trail Blazers,48,34
2010-11,San Antonio Spurs,61,21
2010-11,Denver Nuggets,50,32
2010-11,Chicago Bulls,62,20
2010-11,Los Angeles Lakers,57,25
2010-11,New York Knicks,42,40
2010-11,New Jersey Nets,24,58
2010-11,Cleveland Cavaliers,19,63
2010-11,Toronto Raptors,22,60
2010-11,Sacramento Kings,24,58
2010-11,Utah Jazz,39,43
2010-11,Dallas Mavericks,57,25
2010-11,Miami Heat,58,24
2010-11,Indiana Pacers,37,45
2010-11,Memphis Grizzlies,46,36
2010-11,New Orleans Hornets,46,36
2009-10,Oklahoma City Thunder,50,32
2009-10,New Jersey Nets,12,70
2009-10,Washington Wizards,26,56
2009-10,San Antonio Spurs,50,32
2009-10,Milwaukee Bucks,46,36
2009-10,Phoenix Suns,54,28
2009-10,Atlanta Hawks,53,29
2009-10,Denver Nuggets,53,29
2009-10,Sacramento Kings,25,57
2009-10,Indiana Pacers,32,50
2009-10,New Orleans Hornets,37,45
2009-10,Golden State Warriors,26,56
2009-10,Houston Rockets,42,40
2009-10,Orlando Magic,59,23
2009-10,Memphis Grizzlies,40,42
2009-10,Cleveland Cavaliers,61,21
2009-10,Chicago Bulls,41,41
2009-10,Los Angeles Lakers,57,25
2009-10,New York Knicks,29,53
2009-10,Toronto Raptors,40,42
2009-10,Dallas Mavericks,55,27
2009-10,Miami Heat,47,35
2009-10,Philadelphia 76ers,27,55
2009-10,Los Angeles Clippers,29,53
2009-10,Minnesota Timberwolves,15,67
2009-10,Utah Jazz,53,29
2009-10,Boston Celtics,50,32
2009-10,Detroit Pistons,27,55
2009-10,Charlotte Bobcats,44,38
2009-10,Portland Trail Blazers,50,32
2008-09,Denver Nuggets,54,28
2008-09,Detroit Pistons,39,43
2008-09,Cleveland Cavaliers,66,16
2008-09,Chicago Bulls,41,41
2008-09,Boston Celtics,62,20
2008-09,Washington Wizards,19,63
2008-09,Golden State Warriors,29,53
2008-09,Dallas Mavericks,50,32
2008-09,New Orleans Hornets,49,33
2008-09,Orlando Magic,59,23
2008-09,Memphis Grizzlies,24,58
2008-09,Atlanta Hawks,47,35
2008-09,Toronto Raptors,33,49
2008-09,Sacramento Kings,17,65
2008-09,Charlotte Bobcats,35,47
2008-09,Miami Heat,43,39
2008-09,Houston Rockets,53,29
2008-09,Indiana Pacers,36,46
2008-09,Philadelphia 76ers,41,41
2008-09,Utah Jazz,48,34
2008-09,New York Knicks,32,50
2008-09,Milwaukee Bucks,34,48
2008-09,San Antonio Spurs,54,28
2008-09,Oklahoma City Thunder,23,59
2008-09,Minnesota Timberwolves,24,58
2008-09,Portland Trail Blazers,54,28
2008-09,Los Angeles Lakers,65,17
2008-09,New Jersey Nets,34,48
2008-09,Los Angeles Clippers,19,63
2008-09,Phoenix Suns,46,36
2007-08,Phoenix Suns,55,27
2007-08,Atlanta Hawks,37,45
2007-08,Dallas Mavericks,51,31
2007-08,Memphis Grizzlies,22,60
2007-08,Toronto Raptors,41,41
2007-08,New York Knicks,23,59
2007-08,Los Angeles Lakers,57,25
2007-08,Indiana Pacers,36,46
2007-08,Golden State Warriors,48,34
2007-08,Utah Jazz,54,28
2007-08,Washington Wizards,43,39
2007-08,Minnesota Timberwolves,22,60
2007-08,Chicago Bulls,33,49
2007-08,Houston Rockets,55,27
2007-08,Detroit Pistons,59,23
2007-08,San Antonio Spurs,56,26
2007-08,Philadelphia 76ers,40,42
2007-08,Boston Celtics,66,16
2007-08,Los Angeles Clippers,23,59
2007-08,Charlotte Bobcats,32,50
2007-08,Portland Trail Blazers,41,41
2007-08,Orlando Magic,52,30
2007-08,Miami Heat,15,67
2007-08,Seattle SuperSonics,20,62
2007-08,Milwaukee Bucks,26,56
2007-08,New Jersey Nets,34,48
2007-08,Denver Nuggets,50,32
2007-08,New Orleans Hornets,56,26
2007-08,Sacramento Kings,38,44
2007-08,Cleveland Cavaliers,45,37
2006-07,Charlotte Bobcats,33,49
2006-07,Cleveland Cavaliers,50,32
2006-07,Seattle SuperSonics,31,51
2006-07,Indiana Pacers,35,47
2006-07,Philadelphia 76ers,35,47
2006-07,Orlando Magic,40,42
2006-07,Denver Nuggets,45,37
2006-07,Boston Celtics,24,58
2006-07,Miami Heat,44,38
2006-07,Houston Rockets,52,30
2006-07,New York Knicks,33,49
2006-07,Memphis Grizzlies,22,60
2006-07,Los Angeles Clippers,40,42
2006-07,Toronto Raptors,47,35
2006-07,Portland Trail Blazers,32,50
2006-07,Detroit Pistons,53,29
2006-07,Utah Jazz,51,31
2006-07,New Jersey Nets,41,41
2006-07,Washington Wizards,41,41
2006-07,Minnesota Timberwolves,32,50
2006-07,San Antonio Spurs,58,24
2006-07,Phoenix Suns,61,21
2006-07,Milwaukee Bucks,28,54
2006-07,Sacramento Kings,33,49
2006-07,Los Angeles Lakers,42,40
2006-07,Chicago Bulls,49,33
2006-07,Golden State Warriors,42,40
2006-07,Dallas Mavericks,67,15
2006-07,Atlanta Hawks,30,52
2006-07,New Orleans/Oklahoma City Hornets,39,43
2005-06,Detroit Pistons,64,18
2005-06,Memphis Grizzlies,49,33
2005-06,Houston Rockets,34,48
2005-06,Los Angeles Lakers,45,37
2005-06,New Jersey Nets,49,33
2005-06,Phoenix Suns,54,28
2005-06,Dallas Mavericks,60,22
2005-06,San Antonio Spurs,63,19
2005-06,Charlotte Bobcats,26,56
2005-06,New York Knicks,23,59
2005-06,Sacramento Kings,44,38
2005-06,Utah Jazz,41,41
2005-06,Orlando Magic,36,46
2005-06,Philadelphia 76ers,38,44
2005-06,Indiana Pacers,41,41
2005-06,New Orleans/Oklahoma City Hornets,38,44
2005-06,Portland Trail Blazers,21,61
2005-06,Seattle SuperSonics,35,47
2005-06,Washington Wizards,42,40
2005-06,Golden State Warriors,34,48
2005-06,Atlanta Hawks,26,56
2005-06,Denver Nuggets,44,38
2005-06,Toronto Raptors,27,55
2005-06,Miami Heat,52,30
2005-06,Milwaukee Bucks,40,42
2005-06,Boston Celtics,33,49
2005-06,Chicago Bulls,41,41
2005-06,Los Angeles Clippers,47,35
2005-06,Minnesota Timberwolves,33,49
2005-06,Cleveland Cavaliers,50,32
2004-05,Orlando Magic,36,46
2004-05,Toronto Raptors,33,49
2004-05,Minnesota Timberwolves,44,38
2004-05,Cleveland Cavaliers,42,40
2004-05,Chicago Bulls,47,35
2004-05,Dallas Mavericks,58,24
2004-05,Portland Trail Blazers,27,55
2004-05,New York Knicks,33,49
2004-05,Miami Heat,59,23
2004-05,Los Angeles Lakers,34,48
2004-05,San Antonio Spurs,59,23
2004-05,Detroit Pistons,54,28
2004-05,Los Angeles Clippers,37,45
2004-05,Houston Rockets,51,31
2004-05,Golden State Warriors,34,48
2004-05,Washington Wizards,45,37
2004-05,Seattle SuperSonics,52,30
2004-05,Atlanta Hawks,13,69
2004-05,New Jersey Nets,42,40
2004-05,New Orleans Hornets,18,64
2004-05,Denver Nuggets,49,33
2004-05,Indiana Pacers,44,38
2004-05,Phoenix Suns,62,20
2004-05,Boston Celtics,45,37
2004-05,Sacramento Kings,50,32
2004-05,Charlotte Bobcats,18,64
2004-05,Utah Jazz,26,56
2004-05,Philadelphia 76ers,43,39
2004-05,Milwaukee Bucks,30,52
2004-05,Memphis Grizzlies,45,37
2003-04,Chicago Bulls,23,59
2003-04,Golden State Warriors,37,45
2003-04,Orlando Magic,21,61
2003-04,San Antonio Spurs,57,25
2003-04,New Jersey Nets,47,35
2003-04,Atlanta Hawks,28,54
2003-04,Milwaukee Bucks,41,41
2003-04,Denver Nuggets,43,39
2003-04,New Orleans Hornets,41,41
2003-04,Sacramento Kings,55,27
2003-04,Boston Celtics,36,46
2003-04,Indiana Pacers,61,21
2003-04,Washington Wizards,25,57
2003-04,Cleveland Cavaliers,35,47
2003-04,Los Angeles Clippers,28,54
2003-04,Utah Jazz,42,40
2003-04,Minnesota Timberwolves,58,24
2003-04,Phoenix Suns,29,53
2003-04,New York Knicks,39,43
2003-04,Seattle SuperSonics,37,45
2003-04,Philadelphia 76ers,33,49
2003-04,Memphis Grizzlies,50,32
2003-04,Miami Heat,42,40
2003-04,Dallas Mavericks,52,30
2003-04,Toronto Raptors,33,49
2003-04,Detroit Pistons,54,28
2003-04,Los Angeles Lakers,56,26
2003-04,Portland Trail Blazers,41,41
2003-04,Houston Rockets,45,37
2002-03,Denver Nuggets,17,65
2002-03,Dallas Mavericks,60,22
2002-03,Utah Jazz,47,35
2002-03,Phoenix Suns,44,38
2002-03,Orlando Magic,42,40
2002-03,San Antonio Spurs,60,22
2002-03,Cleveland Cavaliers,17,65
2002-03,Sacramento Kings,59,23
2002-03,Atlanta Hawks,35,47
2002-03,Washington Wizards,37,45
2002-03,Golden State Warriors,38,44
2002-03,Memphis Grizzlies,28,54
2002-03,Seattle SuperSonics,40,42
2002-03,Los Angeles Clippers,27,55
2002-03,Miami Heat,25,57
2002-03,Los Angeles Lakers,50,32
2002-03,Houston Rockets,43,39
2002-03,Portland Trail Blazers,50,32
2002-03,Minnesota Timberwolves,51,31
2002-03,New Orleans Hornets,47,35
2002-03,Toronto Raptors,24,58
2002-03,Boston Celtics,44,38
2002-03,Chicago Bulls,30,52
2002-03,Philadelphia 76ers,48,34
2002-03,Detroit Pistons,50,32
2002-03,Milwaukee Bucks,42,40
2002-03,New Jersey Nets,49,33
2002-03,New York Knicks,37,45
2002-03,Indiana Pacers,48,34
2001-02,Atlanta Hawks,33,49
2001-02,Detroit Pistons,50,32
2001-02,Toronto Raptors,42,40
2001-02,Chicago Bulls,21,61
2001-02,Cleveland Cavaliers,29,53
2001-02,Dallas Mavericks,57,25
2001-02,Milwaukee Bucks,41,41
2001-02,Phoenix Suns,36,46
2001-02,Indiana Pacers,42,40
2001-02,New Jersey Nets,52,30
2001-02,Utah Jazz,44,38
2001-02,Los Angeles Clippers,39,43
2001-02,Houston Rockets,28,54
2001-02,Charlotte Hornets,44,38
2001-02,Golden State Warriors,21,61
2001-02,San Antonio Spurs,58,24
2001-02,Miami Heat,36,46
2001-02,Denver Nuggets,27,55
2001-02,Memphis Grizzlies,23,59
2001-02,Los Angeles Lakers,58,24
2001-02,Philadelphia 76ers,43,39
2001-02,New York Knicks,30,52
2001-02,Seattle SuperSonics,45,37
2001-02,Minnesota Timberwolves,50,32
2001-02,Portland Trail Blazers,49,33
2001-02,Orlando Magic,44,38
2001-02,Sacramento Kings,61,21
2001-02,Washington Wizards,37,45
2001-02,Boston Celtics,49,33
2000-01,Golden State Warriors,17,65
2000-01,Miami Heat,50,32
2000-01,Philadelphia 76ers,56,26
2000-01,San Antonio Spurs,58,24
2000-01,New York Knicks,48,34
2000-01,Charlotte Hornets,46,36
2000-01,New Jersey Nets,26,56
2000-01,Los Angeles Clippers,31,51
2000-01,Boston Celtics,36,46
2000-01,Portland Trail Blazers,50,32
2000-01,Vancouver Grizzlies,23,59
2000-01,Utah Jazz,53,29
2000-01,Minnesota Timberwolves,47,35
2000-01,Houston Rockets,45,37
2000-01,Sacramento Kings,55,27
2000-01,Denver Nuggets,40,42
2000-01,Cleveland Cavaliers,30,52
2000-01,Toronto Raptors,47,35
2000-01,Phoenix Suns,51,31
2000-01,Washington Wizards,19,63
2000-01,Milwaukee Bucks,52,30
2000-01,Orlando Magic,43,39
2000-01,Dallas Mavericks,53,29
2000-01,Los Angeles Lakers,56,26
2000-01,Detroit Pistons,32,50
2000-01,Chicago Bulls,15,67
2000-01,Indiana Pacers,41,41
2000-01,Atlanta Hawks,25,57
2000-01,Seattle SuperSonics,44,38
1999-00,Orlando Magic,41,41
1999-00,Toronto Raptors,45,37
1999-00,Charlotte Hornets,49,33
1999-00,Phoenix Suns,53,29
1999-00,Denver Nuggets,35,47
1999-00,Miami Heat,52,30
1999-00,Golden State Warriors,19,63
1999-00,Sacramento Kings,44,38
1999-00,Dallas Mavericks,40,42
1999-00,Indiana Pacers,56,26
1999-00,Atlanta Hawks,28,54
1999-00,New Jersey Nets,31,51
1999-00,San Antonio Spurs,53,29
1999-00,Minnesota Timberwolves,50,32
1999-00,Los Angeles Lakers,67,15
1999-00,New York Knicks,50,32
1999-00,Milwaukee Bucks,42,40
1999-00,Seattle SuperSonics,45,37
1999-00,Detroit Pistons,42,40
1999-00,Washington Wizards,29,53
1999-00,Chicago Bulls,17,65
1999-00,Utah Jazz,55,27
1999-00,Los Angeles Clippers,15,67
1999-00,Houston Rockets,34,48
1999-00,Cleveland Cavaliers,32,50
1999-00,Philadelphia 76ers,49,33
1999-00,Vancouver Grizzlies,22,60
1999-00,Boston Celtics,35,47
1999-00,Portland Trail Blazers,59,23
1998-99,Sacramento Kings,27,23
1998-99,Chicago Bulls,13,37
1998-99,Toronto Raptors,23,27
1998-99,Boston Celtics,19,31
1998-99,New York Knicks,27,23
1998-99,Atlanta Hawks,31,19
1998-99,Seattle SuperSonics,25,25
1998-99,Houston Rockets,31,19
1998-99,Washington Wizards,18,32
1998-99,Portland Trail Blazers,35,15
1998-99,Minnesota Timberwolves,25,25
1998-99,Orlando Magic,33,17
1998-99,Phoenix Suns,27,23
1998-99,Denver Nuggets,14,36
1998-99,Cleveland Cavaliers,22,28
1998-99,San Antonio Spurs,37,13
1998-99,Charlotte Hornets,26,24
1998-99,Vancouver Grizzlies,8,42
1998-99,New Jersey Nets,16,34
1998-99,Philadelphia 76ers,28,22
1998-99,Los Angeles Clippers,9,41
1998-99,Miami Heat,33,17
1998-99,Utah Jazz,37,13
1998-99,Detroit Pistons,29,21
1998-99,Indiana Pacers,33,17
1998-99,Golden State Warriors,21,29
1998-99,Milwaukee Bucks,28,22
1998-99,Dallas Mavericks,19,31
1998-99,Los Angeles Lakers,31,19
1997-98,Washington Wizards,42,40
1997-98,Charlotte Hornets,51,31
1997-98,Detroit Pistons,37,45
1997-98,Atlanta Hawks,50,32
1997-98,Golden State Warriors,19,63
1997-98,Philadelphia 76ers,31,51
1997-98,Portland Trail Blazers,46,36
1997-98,Houston Rockets,41,41
1997-98,Seattle SuperSonics,61,21
1997-98,Utah Jazz,62,20
1997-98,San Antonio Spurs,56,26
1997-98,Los Angeles Clippers,17,65
1997-98,Milwaukee Bucks,36,46
1997-98,Sacramento Kings,27,55
1997-98,Vancouver Grizzlies,19,63
1997-98,Denver Nuggets,11,71
1997-98,Cleveland Cavaliers,47,35
1997-98,New Jersey Nets,43,39
1997-98,Chicago Bulls,62,20
1997-98,Miami Heat,55,27
1997-98,Indiana Pacers,58,24
1997-98,New York Knicks,43,39
1997-98,Dallas Mavericks,20,62
1997-98,Toronto Raptors,16,66
1997-98,Orlando Magic,41,41
1997-98,Phoenix Suns,56,26
1997-98,Minnesota Timberwolves,45,37
1997-98,Boston Celtics,36,46
1997-98,Los Angeles Lakers,61,21
1996-97,Los Angeles Lakers,56,26
1996-97,Seattle SuperSonics,57,25
1996-97,New York Knicks,57,25
1996-97,Milwaukee Bucks,33,49
1996-97,Sacramento Kings,34,48
1996-97,Washington Bullets,44,38
1996-97,Utah Jazz,64,18
1996-97,Los Angeles Clippers,36,46
1996-97,New Jersey Nets,26,56
1996-97,Houston Rockets,57,25
1996-97,Philadelphia 76ers,22,60
1996-97,Golden State Warriors,30,52
1996-97,Indiana Pacers,39,43
1996-97,Portland Trail Blazers,49,33
1996-97,Phoenix Suns,40,42
1996-97,Atlanta Hawks,56,26
1996-97,Denver Nuggets,21,61
1996-97,Minnesota Timberwolves,40,42
1996-97,Orlando Magic,45,37
1996-97,Vancouver Grizzlies,14,68
1996-97,Cleveland Cavaliers,42,40
1996-97,Toronto Raptors,30,52
1996-97,Dallas Mavericks,24,58
1996-97,Chicago Bulls,69,13
1996-97,Charlotte Hornets,54,28
1996-97,Miami Heat,61,21
1996-97,Detroit Pistons,54,28
1996-97,Boston Celtics,15,67
1996-97,San Antonio Spurs,20,62
1995-96,Chicago Bulls,72,10
1995-96,Los Angeles Lakers,53,29
1995-96,Atlanta Hawks,46,36
1995-96,Seattle SuperSonics,64,18
1995-96,New York Knicks,47,35
1995-96,Detroit Pistons,46,36
1995-96,Indiana Pacers,52,30
1995-96,Milwaukee Bucks,25,57
1995-96,Sacramento Kings,39,43
1995-96,Houston Rockets,48,34
1995-96,Phoenix Suns,41,41
1995-96,Orlando Magic,60,22
1995-96,Minnesota Timberwolves,26,56
1995-96,Toronto Raptors,21,61
1995-96,Dallas Mavericks,26,56
1995-96,Miami Heat,42,40
1995-96,Utah Jazz,55,27
1995-96,New Jersey Nets,30,52
1995-96,Denver Nuggets,35,47
1995-96,San Antonio Spurs,59,23
1995-96,Vancouver Grizzlies,15,67
1995-96,Los Angeles Clippers,29,53
1995-96,Golden State Warriors,36,46
1995-96,Cleveland Cavaliers,47,35
1995-96,Charlotte Hornets,41,41
1995-96,Portland Trail Blazers,44,38
1995-96,Boston Celtics,33,49
1995-96,Washington Bullets,39,43
1995-96,Philadelphia 76ers,18,64
1994-95,Houston Rockets,47,35
1994-95,Sacramento Kings,39,43
1994-95,Atlanta Hawks,42,40
1994-95,Philadelphia 76ers,24,58
1994-95,Denver Nuggets,41,41
1994-95,Los Angeles Lakers,48,34
1994-95,San Antonio Spurs,62,20
1994-95,Seattle SuperSonics,57,25
1994-95,Boston Celtics,35,47
1994-95,Minnesota Timberwolves,21,61
1994-95,Chicago Bulls,47,35
1994-95,Orlando Magic,57,25
1994-95,Indiana Pacers,52,30
1994-95,Milwaukee Bucks,34,48
1994-95,Charlotte Hornets,50,32
1994-95,Cleveland Cavaliers,43,39
1994-95,New York Knicks,55,27
1994-95,Washington Bullets,21,61
1994-95,New Jersey Nets,30,52
1994-95,Detroit Pistons,28,54
1994-95,Golden State Warriors,26,56
1994-95,Miami Heat,32,50
1994-95,Portland Trail Blazers,44,38
1994-95,Dallas Mavericks,36,46
1994-95,Phoenix Suns,59,23
1994-95,Utah Jazz,60,22
1994-95,Los Angeles Clippers,17,65
1993-94,Phoenix Suns,56,26
1993-94,Denver Nuggets,42,40
1993-94,Washington Bullets,24,58
1993-94,Cleveland Cavaliers,47,35
1993-94,Charlotte Hornets,41,41
1993-94,Utah Jazz,53,29
1993-94,Sacramento Kings,28,54
1993-94,Miami Heat,42,40
1993-94,Portland Trail Blazers,47,35
1993-94,Los Angeles Lakers,33,49
1993-94,Boston Celtics,32,50
1993-94,San Antonio Spurs,55,27
1993-94,Orlando Magic,50,32
1993-94,Chicago Bulls,55,27
1993-94,Philadelphia 76ers,25,57
1993-94,Minnesota Timberwolves,20,62
1993-94,Los Angeles Clippers,27,55
1993-94,Houston Rockets,58,24
1993-94,New York Knicks,57,25
1993-94,Golden State Warriors,50,32
1993-94,Detroit Pistons,20,62
1993-94,Indiana Pacers,47,35
1993-94,New Jersey Nets,45,37
1993-94,Seattle SuperSonics,63,19
1993-94,Dallas Mavericks,13,69
1993-94,Atlanta Hawks,57,25
1993-94,Milwaukee Bucks,20,62
1992-93,Charlotte Hornets,44,38
1992-93,Boston Celtics,48,34
1992-93,Chicago Bulls,57,25
1992-93,Minnesota Timberwolves,19,63
1992-93,Los Angeles Clippers,41,41
1992-93,Cleveland Cavaliers,54,28
1992-93,Miami Heat,36,46
1992-93,New York Knicks,60,22
1992-93,Utah Jazz,47,35
1992-93,Washington Bullets,22,60
1992-93,Houston Rockets,55,27
1992-93,Golden State Warriors,34,48
1992-93,Denver Nuggets,36,46
1992-93,Portland Trail Blazers,51,31
1992-93,Detroit Pistons,40,42
1992-93,Philadelphia 76ers,26,56
1992-93,Indiana Pacers,41,41
1992-93,Atlanta Hawks,43,39
1992-93,Orlando Magic,41,41
1992-93,Seattle SuperSonics,55,27
1992-93,Sacramento Kings,25,57
1992-93,Milwaukee Bucks,28,54
1992-93,Los Angeles Lakers,39,43
1992-93,New Jersey Nets,43,39
1992-93,Dallas Mavericks,11,71
1992-93,San Antonio Spurs,49,33
1992-93,Phoenix Suns,62,20
1991-92,Houston Rockets,42,40
1991-92,Denver Nuggets,24,58
1991-92,Dallas Mavericks,22,60
1991-92,San Antonio Spurs,47,35
1991-92,New Jersey Nets,40,42
1991-92,Milwaukee Bucks,31,51
1991-92,Los Angeles Clippers,45,37
1991-92,Miami Heat,38,44
1991-92,Cleveland Cavaliers,57,25
1991-92,Minnesota Timberwolves,15,67
1991-92,New York Knicks,51,31
1991-92,Golden State Warriors,55,27
1991-92,Boston Celtics,51,31
1991-92,Philadelphia 76ers,35,47
1991-92,Seattle SuperSonics,47,35
1991-92,Indiana Pacers,40,42
1991-92,Detroit Pistons,48,34
1991-92,Atlanta Hawks,38,44
1991-92,Washington Bullets,25,57
1991-92,Chicago Bulls,67,15
1991-92,Phoenix Suns,53,29
1991-92,Portland Trail Blazers,57,25
1991-92,Charlotte Hornets,31,51
1991-92,Orlando Magic,21,61
1991-92,Los Angeles Lakers,43,39
1991-92,Sacramento Kings,29,53
1991-92,Utah Jazz,55,27
1990-91,Cleveland Cavaliers,33,49
1990-91,Minnesota Timberwolves,29,53
1990-91,New York Knicks,39,43
1990-91,Portland Trail Blazers,63,19
1990-91,San Antonio Spurs,55,27
1990-91,Utah Jazz,54,28
1990-91,Seattle SuperSonics,41,41
1990-91,Los Angeles Lakers,58,24
1990-91,Milwaukee Bucks,48,34
1990-91,Chicago Bulls,61,21
1990-91,Los Angeles Clippers,31,51
1990-91,Boston Celtics,56,26
1990-91,Denver Nuggets,20,62
1990-91,Indiana Pacers,41,41
1990-91,New Jersey Nets,26,56
1990-91,Miami Heat,24,58
1990-91,Dallas Mavericks,28,54
1990-91,Orlando Magic,31,51
1990-91,Sacramento Kings,25,57
1990-91,Atlanta Hawks,43,39
1990-91,Detroit Pistons,50,32
1990-91,Golden State Warriors,44,38
1990-91,Phoenix Suns,55,27
1990-91,Philadelphia 76ers,44,38
1990-91,Houston Rockets,52,30
1990-91,Charlotte Hornets,26,56
1990-91,Washington Bullets,30,52
1989-90,Atlanta Hawks,41,41
1989-90,Utah Jazz,55,27
1989-90,Los Angeles Lakers,63,19
1989-90,Houston Rockets,41,41
1989-90,Charlotte Hornets,19,63
1989-90,Orlando Magic,18,64
1989-90,Cleveland Cavaliers,42,40
1989-90,Sacramento Kings,23,59
1989-90,Washington Bullets,31,51
1989-90,Philadelphia 76ers,53,29
1989-90,Chicago Bulls,55,27
1989-90,Detroit Pistons,59,23
1989-90,Portland Trail Blazers,59,23
1989-90,Indiana Pacers,42,40
1989-90,Phoenix Suns,54,28
1989-90,Golden State Warriors,37,45
1989-90,New York Knicks,45,37
1989-90,Minnesota Timberwolves,22,60
1989-90,Boston Celtics,52,30
1989-90,Seattle SuperSonics,41,41
1989-90,Los Angeles Clippers,30,52
1989-90,Milwaukee Bucks,44,38
1989-90,San Antonio Spurs,56,26
1989-90,Denver Nuggets,43,39
1989-90,Miami Heat,18,64
1989-90,New Jersey Nets,17,65
1989-90,Dallas Mavericks,47,35
1988-89,Chicago Bulls,47,35
1988-89,Detroit Pistons,63,19
1988-89,Denver Nuggets,44,38
1988-89,Indiana Pacers,28,54
1988-89,Utah Jazz,51,31
1988-89,Seattle SuperSonics,47,35
1988-89,Milwaukee Bucks,49,33
1988-89,Golden State Warriors,43,39
1988-89,Los Angeles Clippers,21,61
1988-89,Philadelphia 76ers,46,36
1988-89,Boston Celtics,42,40
1988-89,New Jersey Nets,26,56
1988-89,New York Knicks,52,30
1988-89,Portland Trail Blazers,39,43
1988-89,Washington Bullets,40,42
1988-89,Charlotte Hornets,20,62
1988-89,Houston Rockets,45,37
1988-89,Atlanta Hawks,52,30
1988-89,Miami Heat,15,67
1988-89,Cleveland Cavaliers,57,25
1988-89,Dallas Mavericks,38,44
1988-89,Phoenix Suns,55,27
1988-89,Los Angeles Lakers,57,25
1988-89,San Antonio Spurs,21,61
1988-89,Sacramento Kings,27,55
1987-88,Indiana Pacers,38,44
1987-88,Los Angeles Lakers,62,20
1987-88,Seattle SuperSonics,44,38
1987-88,Portland Trail Blazers,53,29
1987-88,Boston Celtics,57,25
1987-88,San Antonio Spurs,31,51
1987-88,Philadelphia 76ers,36,46
1987-88,Milwaukee Bucks,42,40
1987-88,Golden State Warriors,20,62
1987-88,New York Knicks,38,44
1987-88,Phoenix Suns,28,54
1987-88,Cleveland Cavaliers,42,40
1987-88,Houston Rockets,46,36
1987-88,Sacramento Kings,24,58
1987-88,Utah Jazz,47,35
1987-88,Dallas Mavericks,53,29
1987-88,Detroit Pistons,54,28
1987-88,Los Angeles Clippers,17,65
1987-88,Washington Bullets,38,44
1987-88,Chicago Bulls,50,32
1987-88,Denver Nuggets,54,28
1987-88,Atlanta Hawks,50,32
1987-88,New Jersey Nets,19,63
1986-87,New Jersey Nets,24,58
1986-87,Los Angeles Clippers,12,70
1986-87,Boston Celtics,59,23
1986-87,Utah Jazz,44,38
1986-87,Los Angeles Lakers,65,17
1986-87,New York Knicks,24,58
1986-87,Portland Trail Blazers,49,33
1986-87,Washington Bullets,42,40
1986-87,Phoenix Suns,36,46
1986-87,Milwaukee Bucks,50,32
1986-87,Cleveland Cavaliers,31,51
1986-87,Houston Rockets,42,40
1986-87,San Antonio Spurs,28,54
1986-87,Denver Nuggets,37,45
1986-87,Philadelphia 76ers,45,37
1986-87,Seattle SuperSonics,39,43
1986-87,Detroit Pistons,52,30
1986-87,Indiana Pacers,41,41
1986-87,Dallas Mavericks,55,27
1986-87,Golden State Warriors,42,40
1986-87,Sacramento Kings,29,53
1986-87,Atlanta Hawks,57,25
1986-87,Chicago Bulls,40,42
1985-86,Los Angeles Clippers,32,50
1985-86,Dallas Mavericks,44,38
1985-86,Boston Celtics,67,15
1985-86,Sacramento Kings,37,45
1985-86,Phoenix Suns,32,50
1985-86,San Antonio Spurs,35,47
1985-86,Portland Trail Blazers,40,42
1985-86,New York Knicks,23,59
1985-86,Los Angeles Lakers,62,20
1985-86,Golden State Warriors,30,52
1985-86,Philadelphia 76ers,54,28
1985-86,New Jersey Nets,39,43
1985-86,Houston Rockets,51,31
1985-86,Chicago Bulls,30,52
1985-86,Milwaukee Bucks,57,25
1985-86,Atlanta Hawks,50,32
1985-86,Cleveland Cavaliers,29,53
1985-86,Utah Jazz,42,40
1985-86,Detroit Pistons,46,36
1985-86,Washington Bullets,39,43
1985-86,Denver Nuggets,47,35
1985-86,Indiana Pacers,26,56
1985-86,Seattle SuperSonics,31,51
1984-85,Washington Bullets,40,42
1984-85,Chicago Bulls,38,44
1984-85,Denver Nuggets,52,30
1984-85,Atlanta Hawks,34,48
1984-85,Houston Rockets,48,34
1984-85,Boston Celtics,63,19
1984-85,Utah Jazz,41,41
1984-85,San Antonio Spurs,41,41
1984-85,Kansas City Kings,31,51
1984-85,Cleveland Cavaliers,36,46
1984-85,Philadelphia 76ers,58,24
1984-85,Phoenix Suns,36,46
1984-85,Indiana Pacers,22,60
1984-85,Portland Trail Blazers,42,40
1984-85,Seattle SuperSonics,31,51
1984-85,Milwaukee Bucks,59,23
1984-85,Los Angeles Clippers,31,51
1984-85,New Jersey Nets,42,40
1984-85,Detroit Pistons,46,36
1984-85,New York Knicks,24,58
1984-85,Los Angeles Lakers,62,20
1984-85,Dallas Mavericks,44,38
1984-85,Golden State Warriors,22,60
1983-84,San Diego Clippers,30,52
1983-84,Denver Nuggets,38,44
1983-84,Golden State Warriors,37,45
1983-84,Boston Celtics,62,20
1983-84,Seattle SuperSonics,42,40
1983-84,Indiana Pacers,26,56
1983-84,San Antonio Spurs,37,45
1983-84,Utah Jazz,45,37
1983-84,New York Knicks,47,35
1983-84,Dallas Mavericks,43,39
1983-84,Chicago Bulls,27,55
1983-84,Milwaukee Bucks,50,32
1983-84,New Jersey Nets,45,37
1983-84,Portland Trail Blazers,48,34
1983-84,Los Angeles Lakers,54,28
1983-84,Phoenix Suns,41,41
1983-84,Kansas City Kings,38,44
1983-84,Detroit Pistons,49,33
1983-84,Washington Bullets,35,47
1983-84,Philadelphia 76ers,52,30
1983-84,Atlanta Hawks,40,42
1983-84,Houston Rockets,29,53
1983-84,Cleveland Cavaliers,28,54
1982-83,Los Angeles Lakers,58,24
1982-83,San Antonio Spurs,53,29
1982-83,Denver Nuggets,45,37
1982-83,Utah Jazz,30,52
1982-83,Seattle SuperSonics,48,34
1982-83,Cleveland Cavaliers,23,59
1982-83,Philadelphia 76ers,65,17
1982-83,New York Knicks,44,38
1982-83,Portland Trail Blazers,46,36
1982-83,Phoenix Suns,53,29
1982-83,Atlanta Hawks,43,39
1982-83,Dallas Mavericks,38,44
1982-83,Washington Bullets,42,40
1982-83,Houston Rockets,14,68
1982-83,New Jersey Nets,49,33
1982-83,Indiana Pacers,20,62
1982-83,Kansas City Kings,45,37
1982-83,San Diego Clippers,25,57
1982-83,Milwaukee Bucks,51,31
1982-83,Boston Celtics,56,26
1982-83,Golden State Warriors,30,52
1982-83,Chicago Bulls,28,54
1982-83,Detroit Pistons,37,45
1981-82,San Diego Clippers,17,65
1981-82,New Jersey Nets,44,38
1981-82,Denver Nuggets,46,36
1981-82,Los Angeles Lakers,57,25
1981-82,Atlanta Hawks,42,40
1981-82,Dallas Mavericks,28,54
1981-82,Boston Celtics,63,19
1981-82,Washington Bullets,43,39
1981-82,Kansas City Kings,30,52
1981-82,Milwaukee Bucks,55,27
1981-82,Utah Jazz,25,57
1981-82,New York Knicks,33,49
1981-82,Houston Rockets,46,36
1981-82,Golden State Warriors,45,37
1981-82,Phoenix Suns,46,36
1981-82,Seattle SuperSonics,52,30
1981-82,San Antonio Spurs,48,34
1981-82,Indiana Pacers,35,47
1981-82,Cleveland Cavaliers,15,67
1981-82,Detroit Pistons,39,43
1981-82,Philadelphia 76ers,58,24
1981-82,Chicago Bulls,34,48
1981-82,Portland Trail Blazers,42,40
1980-81,New York Knicks,50,32
1980-81,Indiana Pacers,44,38
1980-81,Houston Rockets,40,42
1980-81,Kansas City Kings,40,42
1980-81,Dallas Mavericks,15,67
1980-81,San Diego Clippers,36,46
1980-81,Utah Jazz,28,54
1980-81,Portland Trail Blazers,45,37
1980-81,Boston Celtics,62,20
1980-81,Philadelphia 76ers,62,20
1980-81,Washington Bullets,39,43
1980-81,Cleveland Cavaliers,28,54
1980-81,Milwaukee Bucks,60,22
1980-81,Chicago Bulls,45,37
1980-81,Detroit Pistons,21,61
1980-81,Los Angeles Lakers,54,28
1980-81,Golden State Warriors,39,43
1980-81,New Jersey Nets,24,58
1980-81,Atlanta Hawks,31,51
1980-81,San Antonio Spurs,52,30
1980-81,Seattle SuperSonics,34,48
1980-81,Denver Nuggets,37,45
1980-81,Phoenix Suns,57,25
1979-80,San Diego Clippers,35,47
1979-80,Phoenix Suns,55,27
1979-80,Chicago Bulls,30,52
1979-80,Atlanta Hawks,50,32
1979-80,Portland Trail Blazers,38,44
1979-80,New Jersey Nets,34,48
1979-80,Washington Bullets,39,43
1979-80,Philadelphia 76ers,59,23
1979-80,New York Knicks,39,43
1979-80,Milwaukee Bucks,49,33
1979-80,Indiana Pacers,37,45
1979-80,Boston Celtics,61,21
1979-80,Houston Rockets,41,41
1979-80,San Antonio Spurs,41,41
1979-80,Kansas City Kings,47,35
1979-80,Seattle SuperSonics,56,26
1979-80,Denver Nuggets,30,52
1979-80,Golden State Warriors,24,58
1979-80,Los Angeles Lakers,60,22
1979-80,Detroit Pistons,16,66
1979-80,Utah Jazz,24,58
1979-80,Cleveland Cavaliers,37,45
1978-79,Atlanta Hawks,46,36
1978-79,San Diego Clippers,43,39
1978-79,Washington Bullets,54,28
1978-79,Detroit Pistons,30,52
1978-79,Houston Rockets,47,35
1978-79,Phoenix Suns,50,32
1978-79,Denver Nuggets,47,35
1978-79,Kansas City Kings,48,34
1978-79,Portland Trail Blazers,45,37
1978-79,Milwaukee Bucks,38,44
1978-79,New York Knicks,31,51
1978-79,Cleveland Cavaliers,30,52
1978-79,Philadelphia 76ers,47,35
1978-79,Boston Celtics,29,53
1978-79,San Antonio Spurs,48,34
1978-79,Golden State Warriors,38,44
1978-79,New Jersey Nets,37,45
1978-79,Indiana Pacers,38,44
1978-79,Los Angeles Lakers,47,35
1978-79,New Orleans Jazz,26,56
1978-79,Seattle SuperSonics,52,30
1978-79,Chicago Bulls,31,51
1977-78,Indiana Pacers,31,51
1977-78,Los Angeles Lakers,45,37
1977-78,Cleveland Cavaliers,43,39
1977-78,Houston Rockets,28,54
1977-78,Detroit Pistons,38,44
1977-78,Milwaukee Bucks,44,38
1977-78,New Orleans Jazz,39,43
1977-78,Golden State Warriors,43,39
1977-78,San Antonio Spurs,52,30
1977-78,Phoenix Suns,49,33
1977-78,New York Knicks,43,39
1977-78,Seattle SuperSonics,47,35
1977-78,Portland Trail Blazers,58,24
1977-78,Washington Bullets,44,38
1977-78,Chicago Bulls,40,42
1977-78,Denver Nuggets,48,34
1977-78,Philadelphia 76ers,55,27
1977-78,Atlanta Hawks,41,41
1977-78,New Jersey Nets,24,58
1977-78,Buffalo Braves,27,55
1977-78,Boston Celtics,32,50
1977-78,Kansas City Kings,31,51
1976-77,San Antonio Spurs,44,38
1976-77,Portland Trail Blazers,49,33
1976-77,Chicago Bulls,44,38
1976-77,Houston Rockets,49,33
1976-77,New York Knicks,40,42
1976-77,Seattle SuperSonics,40,42
1976-77,Philadelphia 76ers,50,32
1976-77,Detroit Pistons,44,38
1976-77,Indiana Pacers,36,46
1976-77,Washington Bullets,48,34
1976-77,Denver Nuggets,50,32
1976-77,Atlanta Hawks,31,51
1976-77,New York Nets,22,60
1976-77,Boston Celtics,44,38
1976-77,Buffalo Braves,30,52
1976-77,Phoenix Suns,34,48
1976-77,Kansas City Kings,40,42
1976-77,Los Angeles Lakers,53,29
1976-77,Cleveland Cavaliers,43,39
1976-77,Golden State Warriors,46,36
1976-77,Milwaukee Bucks,30,52
1976-77,New Orleans Jazz,35,47
1975-76,Kansas City Kings,31,51
1975-76,Golden State Warriors,59,23
1975-76,Washington Bullets,48,34
1975-76,Atlanta Hawks,29,53
1975-76,Phoenix Suns,42,40
1975-76,Indiana Pacers,39,45
1975-76,Philadelphia 76ers,46,36
1975-76,Houston Rockets,40,42
1975-76,San Antonio Spurs,50,34
1975-76,Boston Celtics,54,28
1975-76,Cleveland Cavaliers,49,33
1975-76,Denver Nuggets,60,24
1975-76,Buffalo Braves,46,36
1975-76,Los Angeles Lakers,40,42
1975-76,Detroit Pistons,36,46
1975-76,New Orleans Jazz,38,44
1975-76,Seattle SuperSonics,43,39
1975-76,Milwaukee Bucks,38,44
1975-76,New York Nets,55,29
1975-76,Portland Trail Blazers,37,45
1975-76,New York Knicks,38,44
1975-76,Chicago Bulls,24,58
1974-75,New York Nets,58,26
1974-75,Phoenix Suns,32,50
1974-75,Boston Celtics,60,22
1974-75,Philadelphia 76ers,34,48
1974-75,Cleveland Cavaliers,40,42
1974-75,Kansas City-Omaha Kings,44,38
1974-75,Seattle SuperSonics,43,39
1974-75,San Antonio Spurs,51,33
1974-75,Golden State Warriors,48,34
1974-75,Los Angeles Lakers,30,52
1974-75,Chicago Bulls,47,35
1974-75,New York Knicks,40,42
1974-75,Atlanta Hawks,31,51
1974-75,New Orleans Jazz,23,59
1974-75,Portland Trail Blazers,38,44
1974-75,Detroit Pistons,40,42
1974-75,Washington Bullets,60,22
1974-75,Indiana Pacers,45,39
1974-75,Buffalo Braves,49,33
1974-75,Houston Rockets,41,41
1974-75,Milwaukee Bucks,38,44
1974-75,Denver Nuggets,65,19
1973-74,Kansas City-Omaha Kings,33,49
1973-74,Los Angeles Lakers,47,35
1973-74,Buffalo Braves,42,40
1973-74,Milwaukee Bucks,59,23
1973-74,Seattle SuperSonics,36,46
1973-74,Golden State Warriors,44,38
1973-74,Indiana Pacers,46,38
1973-74,New York Knicks,49,33
1973-74,Chicago Bulls,54,28
1973-74,Portland Trail Blazers,27,55
1973-74,Houston Rockets,32,50
1973-74,Philadelphia 76ers,25,57
1973-74,Phoenix Suns,30,52
1973-74,San Antonio Spurs,45,39
1973-74,Boston Celtics,56,26
1973-74,Denver Rockets,37,47
1973-74,Atlanta Hawks,35,47
1973-74,Capital Bullets,47,35
1973-74,Detroit Pistons,52,30
1973-74,New York Nets,55,29
1973-74,Cleveland Cavaliers,29,53
1972-73,Dallas Chaparrals,28,56
1972-73,Golden State Warriors,47,35
1972-73,Philadelphia 76ers,9,73
1972-73,Phoenix Suns,38,44
1972-73,Detroit Pistons,40,42
1972-73,Portland Trail Blazers,21,61
1972-73,New York Knicks,57,25
1972-73,Denver Rockets,47,37
1972-73,Indiana Pacers,51,33
1972-73,Chicago Bulls,51,31
1972-73,Buffalo Braves,21,61
1972-73,New York Nets,30,54
1972-73,Baltimore Bullets,52,30
1972-73,Kansas City-Omaha Kings,36,46
1972-73,Houston Rockets,33,49
1972-73,Seattle SuperSonics,26,56
1972-73,Boston Celtics,68,14
1972-73,Cleveland Cavaliers,32,50
1972-73,Milwaukee Bucks,60,22
1972-73,Los Angeles Lakers,60,22
1972-73,Atlanta Hawks,46,36
1971-72,Cleveland Cavaliers,23,59
1971-72,Indiana Pacers,47,37
1971-72,Detroit Pistons,26,56
1971-72,Baltimore Bullets,38,44
1971-72,Boston Celtics,56,26
1971-72,Golden State Warriors,51,31
1971-72,Houston Rockets,34,48
1971-72,Chicago Bulls,57,25
1971-72,Dallas Chaparrals,42,42
1971-72,New York Knicks,48,34
1971-72,Philadelphia 76ers,30,52
1971-72,Cincinnati Royals,30,52
1971-72,Portland Trail Blazers,18,64
1971-72,Seattle SuperSonics,47,35
1971-72,Los Angeles Lakers,69,13
1971-72,New York Nets,44,40
1971-72,Buffalo Braves,22,60
1971-72,Milwaukee Bucks,63,19
1971-72,Phoenix Suns,49,33
1971-72,Atlanta Hawks,36,46
1971-72,Denver Rockets,34,50
1970-71,Portland Trail Blazers,29,53
1970-71,Buffalo Braves,22,60
1970-71,San Francisco Warriors,41,41
1970-71,Atlanta Hawks,36,46
1970-71,Texas Chaparrals,30,54
1970-71,Indiana Pacers,58,26
1970-71,Cincinnati Royals,33,49
1970-71,New York Knicks,52,30
1970-71,San Diego Rockets,40,42
1970-71,Chicago Bulls,51,31
1970-71,New York Nets,40,44
1970-71,Milwaukee Bucks,66,16
1970-71,Phoenix Suns,48,34
1970-71,Los Angeles Lakers,48,34
1970-71,Philadelphia 76ers,47,35
1970-71,Denver Rockets,30,54
1970-71,Baltimore Bullets,42,40
1970-71,Seattle SuperSonics,38,44
1970-71,Boston Celtics,44,38
1970-71,Cleveland Cavaliers,15,67
1970-71,Detroit Pistons,45,37
1969-70,Chicago Bulls,39,43
1969-70,Boston Celtics,34,48
1969-70,Los Angeles Lakers,46,36
1969-70,Phoenix Suns,39,43
1969-70,Baltimore Bullets,50,32
1969-70,Philadelphia 76ers,42,40
1969-70,Indiana Pacers,59,25
1969-70,New York Nets,39,45
1969-70,Denver Rockets,51,33
1969-70,Atlanta Hawks,48,34
1969-70,Milwaukee Bucks,56,26
1969-70,San Francisco Warriors,30,52
1969-70,Detroit Pistons,31,51
1969-70,New York Knicks,60,22
1969-70,Cincinnati Royals,36,46
1969-70,Seattle SuperSonics,36,46
1969-70,San Diego Rockets,27,55
1969-70,Dallas Chaparrals,45,39
1968-69,Baltimore Bullets,57,25
1968-69,Philadelphia 76ers,55,27
1968-69,Denver Rockets,44,34
1968-69,Seattle SuperSonics,30,52
1968-69,Dallas Chaparrals,41,37
1968-69,New York Nets,17,61
1968-69,Detroit Pistons,32,50
1968-69,San Diego Rockets,37,45
1968-69,Chicago Bulls,33,49
1968-69,Phoenix Suns,16,66
1968-69,Atlanta Hawks,48,34
1968-69,Indiana Pacers,44,34
1968-69,Milwaukee Bucks,27,55
1968-69,Cincinnati Royals,41,41
1968-69,San Francisco Warriors,41,41
1968-69,Boston Celtics,48,34
1968-69,Los Angeles Lakers,55,27
1968-69,New York Knicks,54,28
1967-68,Boston Celtics,54,28
1967-68,Philadelphia 76ers,62,20
1967-68,Los Angeles Lakers,52,30
1967-68,Cincinnati Royals,39,43
1967-68,San Diego Rockets,15,67
1967-68,Detroit Pistons,40,42
1967-68,Baltimore Bullets,36,46
1967-68,Seattle SuperSonics,23,59
1967-68,San Francisco Warriors,43,39
1967-68,Indiana Pacers,38,40
1967-68,Denver Rockets,45,33
1967-68,Dallas Chaparrals,46,32
1967-68,St. Louis Hawks,56,26
1967-68,Chicago Bulls,29,53
1967-68,New Jersey Americans,36,42
1967-68,New York Knicks,43,39
1966-67,Los Angeles Lakers,36,45
1966-67,San Francisco Warriors,44,37
1966-67,New York Knicks,36,45
1966-67,Boston Celtics,60,21
1966-67,Detroit Pistons,30,51
1966-67,Cincinnati Royals,39,42
1966-67,Baltimore Bullets,20,61
1966-67,Philadelphia 76ers,68,13
1966-67,St. Louis Hawks,39,42
1966-67,Chicago Bulls,33,48
1965-66,Cincinnati Royals,45,35
1965-66,Los Angeles Lakers,45,35
1965-66,Baltimore Bullets,38,42
1965-66,Detroit Pistons,22,58
1965-66,Philadelphia 76ers,55,25
1965-66,New York Knicks,30,50
1965-66,San Francisco Warriors,35,45
1965-66,Boston Celtics,54,26
1965-66,St. Louis Hawks,36,44
1964-65,Cincinnati Royals,48,32
1964-65,Boston Celtics,62,18
1964-65,Philadelphia 76ers,40,40
1964-65,New York Knicks,31,49
1964-65,Baltimore Bullets,37,43
1964-65,San Francisco Warriors,17,63
1964-65,Detroit Pistons,31,49
1964-65,Los Angeles Lakers,49,31
1964-65,St. Louis Hawks,45,35
1963-64,Cincinnati Royals,55,25
1963-64,Baltimore Bullets,31,49
1963-64,Los Angeles Lakers,42,38
1963-64,New York Knicks,22,58
1963-64,Philadelphia 76ers,34,46
1963-64,St. Louis Hawks,46,34
1963-64,Boston Celtics,59,21
1963-64,San Francisco Warriors,48,32
1963-64,Detroit Pistons,23,57
1962-63,Cincinnati Royals,42,38
1962-63,Syracuse Nationals,48,32
1962-63,Boston Celtics,58,22
1962-63,San Francisco Warriors,31,49
1962-63,Chicago Zephyrs,25,55
1962-63,Detroit Pistons,34,46
1962-63,Los Angeles Lakers,53,27
1962-63,New York Knicks,21,59
1962-63,St. Louis Hawks,48,32
1961-62,Boston Celtics,60,20
1961-62,Los Angeles Lakers,54,26
1961-62,Detroit Pistons,37,43
1961-62,St. Louis Hawks,29,51
1961-62,Chicago Packers,18,62
1961-62,Cincinnati Royals,43,37
1961-62,Philadelphia Warriors,49,31
1961-62,Syracuse Nationals,41,39
1961-62,New York Knicks,29,51
1960-61,Boston Celtics,57,22
1960-61,St. Louis Hawks,51,28
1960-61,Los Angeles Lakers,36,43
1960-61,Syracuse Nationals,38,41
1960-61,Cincinnati Royals,33,46
1960-61,Philadelphia Warriors,46,33
1960-61,Detroit Pistons,34,45
1960-61,New York Knicks,21,58
1959-60,Syracuse Nationals,45,30
1959-60,New York Knicks,27,48
1959-60,Minneapolis Lakers,25,50
1959-60,Philadelphia Warriors,49,26
1959-60,St. Louis Hawks,46,29
1959-60,Detroit Pistons,30,45
1959-60,Cincinnati Royals,19,56
1959-60,Boston Celtics,59,16
1958-59,Philadelphia Warriors,32,40
1958-59,Boston Celtics,52,20
1958-59,Cincinnati Royals,19,53
1958-59,Syracuse Nationals,35,37
1958-59,Minneapolis Lakers,33,39
1958-59,St. Louis Hawks,49,23
1958-59,New York Knicks,40,32
1958-59,Detroit Pistons,28,44
1957-58,Philadelphia Warriors,37,35
1957-58,Minneapolis Lakers,19,53
1957-58,Cincinnati Royals,33,39
1957-58,New York Knicks,35,37
1957-58,St. Louis Hawks,41,31
1957-58,Detroit Pistons,33,39
1957-58,Boston Celtics,49,23
1957-58,Syracuse Nationals,41,31
1956-57,Philadelphia Warriors,37,35
1956-57,Boston Celtics,44,28
1956-57,Fort Wayne Pistons,34,38
1956-57,Minneapolis Lakers,34,38
1956-57,St. Louis Hawks,34,38
1956-57,Syracuse Nationals,38,34
1956-57,Rochester Royals,31,41
1956-57,New York Knicks,36,36
1955-56,Minneapolis Lakers,33,39
1955-56,New York Knicks,35,37
1955-56,Boston Celtics,39,33
1955-56,Fort Wayne Pistons,37,35
1955-56,St. Louis Hawks,33,39
1955-56,Syracuse Nationals,35,37
1955-56,Philadelphia Warriors,45,27
1955-56,Rochester Royals,31,41
1954-55,New York Knicks,38,34
1954-55,Rochester Royals,29,43
1954-55,Minneapolis Lakers,40,32
1954-55,Philadelphia Warriors,33,39
1954-55,Syracuse Nationals,43,29
1954-55,Milwaukee Hawks,26,46
1954-55,Fort Wayne Pistons,43,29
1954-55,Boston Celtics,36,36
1953-54,Minneapolis Lakers,46,26
1953-54,Milwaukee Hawks,21,51
1953-54,New York Knicks,44,28
1953-54,Fort Wayne Pistons,40,32
1953-54,Rochester Royals,44,28
1953-54,Boston Celtics,42,30
1953-54,Philadelphia Warriors,29,43
1953-54,Syracuse Nationals,42,30
1952-53,Minneapolis Lakers,48,22
1952-53,Boston Celtics,46,25
1952-53,Syracuse Nationals,47,24
1952-53,Rochester Royals,44,26
1952-53,Milwaukee Hawks,27,44
1952-53,Philadelphia Warriors,12,57
1952-53,Fort Wayne Pistons,36,33
1952-53,New York Knicks,47,23
1951-52,Rochester Royals,41,25
1951-52,New York Knicks,37,29
1951-52,Milwaukee Hawks,17,49
1951-52,Boston Celtics,39,27
1951-52,Syracuse Nationals,40,26
1951-52,Philadelphia Warriors,33,33
1951-52,Fort Wayne Pistons,29,37
1951-52,Minneapolis Lakers,40,26
1950-51,Syracuse Nationals,32,34
1950-51,Tri-Cities Blackhawks,25,43
1950-51,Philadelphia Warriors,40,26
1950-51,Boston Celtics,39,30
1950-51,Fort Wayne Pistons,32,36
1950-51,Rochester Royals,41,27
1950-51,Minneapolis Lakers,44,24
1950-51,New York Knicks,36,30
1949-50,Tri-Cities Blackhawks,29,35
1949-50,Philadelphia Warriors,26,42
1949-50,Syracuse Nationals,51,13
1949-50,New York Knicks,40,28
1949-50,Minneapolis Lakers,51,17
1949-50,Fort Wayne Pistons,40,28
1949-50,Boston Celtics,22,46
1949-50,Rochester Royals,51,17
1948-49,Rochester Royals,45,15
1948-49,Boston Celtics,25,35
1948-49,Fort Wayne Pistons,22,38
1948-49,Philadelphia Warriors,28,32
1948-49,New York Knicks,32,28
1948-49,Minneapolis Lakers,44,16
1947-48,Boston Celtics,20,28
1947-48,New York Knicks,26,22
1947-48,Philadelphia Warriors,27,21
1946-47,New York Knicks,33,27
1946-47,Boston Celtics,22,38
1946-47,Philadelphia Warriors,35,25
